RK,TEAM,CONF,REC,ADJOE,ADJDE,BARTHAG,PROJ. REC,,RET MINS,RPMS
1,Texas,B12,0-0,116.9,91.5,0.9434,24-7,6-Dec,99.90%,100.00%
,,,,3,5,,,,,
2,West Virginia,B12,0-0,116.9,91.7,0.9422,23-8,6-Dec,73.90%,76.50%
,,,,2,8,,,,,
3,Virginia,ACC,0-0,110.6,87,0.9405,23-7,15-5,69.50%,63.50%
,,,,41,1,,,,,
4,Gonzaga,WCC,0-0,115.7,91.7,0.9357,26-5,14-2,51.20%,44.90%
,,,,8,7,,,,,
5,Baylor,B12,0-0,115.9,92.1,0.934,22-8,7-Nov,73.00%,76.30%
,,,,6,12,,,,,
6,Texas Tech,B12,0-0,113.1,90.2,0.9306,22-9,7-Nov,42.80%,40.60%
,,,,20,2,,,,,
7,Florida,SEC,0-0,114.6,92.3,0.9235,23-8,13-5,68.00%,62.40%
,,,,9,14,,,,,
8,Duke,ACC,0-0,113,91.2,0.922,23-8,14-6,44.90%,35.60%
,,,,22,3,,,,,
9,Wisconsin,B10,0-0,113.5,91.6,0.922,22-9,13-7,78.50%,79.50%
,,,,16,6,,,,,
10,Villanova,BE,0-0,115.8,93.5,0.9214,25-8,14-6,83.10%,81.20%
,,,,7,27,,,,,
11,Kansas,B12,0-0,112.8,91.2,0.9197,20-10,7-Nov,54.70%,49.00%
,,,,25,4,,,,,
12,Creighton,BE,0-0,116.6,94.6,0.9171,23-9,14-6,76.40%,73.50%
,,,,5,46,,,,,
13,Michigan St.,B10,0-0,112.6,91.8,0.9132,21-10,8-Dec,61.70%,53.60%
,,,,28,9,,,,,
14,Michigan,B10,0-0,112.7,91.9,0.9122,20-11,8-Dec,58.90%,50.30%
,,,,26,10,,,,,
15,Ohio St.,B10,0-0,114.6,93.5,0.9121,21-10,8-Dec,49.60%,47.40%
,,,,10,28,,,,,
16,Oregon,P12,0-0,116.7,95.5,0.9093,22-9,13-5,42.40%,38.80%
,,,,4,59,,,,,
17,Illinois,B10,0-0,113.6,93.9,0.8993,20-10,9-Nov,69.50%,68.70%
,,,,14,33,,,,,
18,Florida St.,ACC,0-0,111.8,92.7,0.8966,20-11,8-Dec,56.40%,52.60%
,,,,32,18,,,,,
19,Tennessee,SEC,0-0,112.3,93.2,0.895,22-9,6-Dec,70.70%,66.80%
,,,,30,24,,,,,
20,Kentucky,SEC,0-0,112.6,93.8,0.8907,22-9,6-Dec,7.60%,6.50%
,,,,29,32,,,,,
21,North Carolina,ACC,0-0,112.9,94.1,0.8905,19-12,8-Dec,54.80%,52.60%
,,,,23,37,,,,,
22,Syracuse,ACC,0-0,113.1,94.3,0.8899,21-10,8-Dec,75.70%,70.90%
,,,,19,41,,,,,
23,Houston,Amer,0-0,110.9,92.5,0.8893,22-7,5-Nov,61.20%,66.60%
,,,,39,16,,,,,
24,Arizona St.,P12,0-0,114.5,95.8,0.8863,22-9,6-Dec,58.90%,65.40%
,,,,11,64,,,,,
25,Indiana,B10,0-0,111.3,93.1,0.8851,20-11,9-Nov,67.80%,65.40%
,,,,34,23,,,,,
26,Iowa,B10,0-0,117.5,98.7,0.8807,19-12,9-Nov,79.60%,78.70%
,,,,1,114,,,,,
27,Louisville,ACC,0-0,113,95,0.8805,20-11,9-Nov,26.80%,27.10%
,,,,21,52,,,,,
28,Saint Louis,A10,0-0,110.9,93.3,0.8804,24-6,13-5,91.80%,94.00%
,,,,38,25,,,,,
29,Miami FL,ACC,0-0,114.2,96.2,0.8782,19-11,9-Nov,64.90%,70.80%
,,,,12,70,,,,,
30,Providence,BE,0-0,110.5,93.1,0.8774,22-11,8-Dec,42.50%,40.30%
,,,,43,22,,,,,
31,Stanford,P12,0-0,109.5,92.3,0.8765,22-9,7-Nov,77.10%,75.80%
,,,,55,15,,,,,
32,Rutgers,B10,0-0,108.8,92,0.8726,19-11,9-Nov,81.90%,82.60%
,,,,61,11,,,,,
33,UCLA,P12,0-0,114.2,96.9,0.8678,20-10,7-Nov,86.80%,87.80%
,,,,13,81,,,,,
34,Connecticut,BE,0-0,113.5,96.4,0.8677,21-12,9-Nov,70.00%,61.60%
,,,,17,75,,,,,
35,Memphis,Amer,0-0,108.2,92.2,0.8633,21-8,5-Nov,71.90%,63.10%
,,,,71,13,,,,,
36,Kansas St.,B12,0-0,108.9,92.9,0.8616,18-13,10-Aug,41.60%,29.00%
,,,,60,19,,,,,
37,Alabama,SEC,0-0,110.5,94.5,0.8578,21-10,7-Nov,53.50%,51.70%
,,,,42,45,,,,,
38,Oklahoma,B12,0-0,109.4,93.6,0.8568,17-14,10-Aug,68.70%,69.00%
,,,,56,31,,,,,
39,Minnesota,B10,0-0,108.6,93.1,0.8553,17-13,11-Sep,52.90%,52.60%
,,,,65,21,,,,,
40,Washington,P12,0-0,110,94.4,0.8526,20-11,8-Oct,64.00%,54.20%
,,,,48,43,,,,,
41,Mississippi,SEC,0-0,110.3,95,0.8476,20-11,8-Oct,64.30%,56.10%
,,,,46,53,,,,,
42,Purdue,B10,0-0,108.1,93.4,0.8429,16-15,11-Sep,57.10%,59.10%
,,,,72,26,,,,,
43,Loyola Chicago,MVC,0-0,109.1,94.3,0.8428,23-7,13-5,91.70%,93.20%
,,,,57,40,,,,,
44,Northern Iowa,MVC,0-0,113.5,98.2,0.8421,21-7,13-5,64.30%,70.20%
,,,,15,102,,,,,
45,Richmond,A10,0-0,112.2,97.1,0.8405,23-8,13-5,94.30%,96.00%
,,,,31,85,,,,,
46,Wichita St.,Amer,0-0,108.5,94,0.8399,21-9,6-Nov,43.80%,39.10%
,,,,66,35,,,,,
47,Western Kentucky,CUSA,0-0,112.9,97.9,0.8382,22-7,13-5,70.60%,71.70%
,,,,24,96,,,,,
48,Oklahoma St.,B12,0-0,110.3,95.7,0.8365,16-15,11-Jul,40.30%,38.90%
,,,,47,62,,,,,
49,North Carolina St.,ACC,0-0,109.9,95.4,0.836,18-13,10-Oct,61.30%,56.90%
,,,,50,58,,,,,
50,BYU,WCC,0-0,110.4,96.1,0.8307,20-10,5-Nov,36.90%,26.60%
,,,,45,69,,,,,
51,Cincinnati,Amer,0-0,106.3,92.6,0.8302,19-9,6-Oct,48.20%,44.10%
,,,,96,17,,,,,
52,Georgia Tech,ACC,0-0,106.6,92.9,0.829,17-13,10-Oct,77.70%,77.50%
,,,,90,20,,,,,
53,Missouri,SEC,0-0,108.7,94.9,0.8266,19-12,8-Oct,89.00%,89.50%
,,,,64,50,,,,,
54,Seton Hall,BE,0-0,109,95.3,0.8244,18-14,10-Oct,53.70%,43.50%
,,,,58,56,,,,,
55,Xavier,BE,0-0,107.4,93.9,0.8242,19-14,10-Oct,48.00%,42.00%
,,,,81,34,,,,,
56,Colorado,P12,0-0,108.3,94.8,0.8224,18-13,9-Sep,59.30%,57.80%
,,,,68,49,,,,,
57,North Texas,CUSA,0-0,111.8,98,0.819,21-8,13-5,59.00%,59.70%
,,,,33,100,,,,,
58,Virginia Tech,ACC,0-0,106.6,93.5,0.8181,18-13,11-Sep,63.60%,57.60%
,,,,89,29,,,,,
59,St. John's,BE,0-0,107.3,94.5,0.813,20-13,11-Sep,62.20%,58.40%
,,,,82,44,,,,,
60,LSU,SEC,0-0,113.2,99.6,0.813,19-12,9-Sep,58.10%,56.60%
,,,,18,130,,,,,
61,San Diego St.,MWC,0-0,109,95.9,0.8122,20-8,13-5,52.70%,44.30%
,,,,59,66,,,,,
62,Utah,P12,0-0,111.2,98.3,0.8044,18-12,9-Sep,85.90%,83.50%
,,,,36,105,,,,,
63,SMU,Amer,0-0,112.7,99.8,0.8021,20-9,6-Nov,77.90%,77.40%
,,,,27,132,,,,,
64,Clemson,ACC,0-0,105.7,93.6,0.8021,16-14,11-Sep,72.40%,67.50%
,,,,107,30,,,,,
65,Arizona,P12,0-0,106.8,94.6,0.8002,18-13,9-Sep,19.80%,16.10%
,,,,87,47,,,,,
66,Davidson,A10,0-0,111.2,98.6,0.7997,20-10,7-Nov,78.90%,75.80%
,,,,35,111,,,,,
67,Northwestern,B10,0-0,108,95.9,0.7978,16-14,12-Aug,71.30%,69.70%
,,,,74,65,,,,,
68,Notre Dame,ACC,0-0,111.1,98.8,0.7947,17-14,11-Sep,45.60%,42.60%
,,,,37,115,,,,,
69,USC,P12,0-0,108.3,96.3,0.7942,18-13,9-Sep,25.30%,24.70%
,,,,70,72,,,,,
70,Penn St.,B10,0-0,106.9,95.1,0.794,16-15,13-Jul,65.90%,55.80%
,,,,86,54,,,,,
71,UNC Greensboro,SC,0-0,105.9,94.2,0.7938,23-6,15-3,64.20%,69.90%
,,,,102,38,,,,,
72,Arkansas,SEC,0-0,106,94.4,0.7913,18-13,9-Sep,2.90%,1.50%
,,,,101,42,,,,,
73,Maryland,B10,0-0,107,95.3,0.7904,16-15,13-Jul,56.20%,51.70%
,,,,85,57,,,,,
74,Butler,BE,0-0,107.8,96.3,0.7855,17-16,11-Sep,47.10%,41.00%
,,,,76,73,,,,,
75,Old Dominion,CUSA,0-0,106.3,95.2,0.7813,21-10,6-Dec,79.70%,85.40%
,,,,95,55,,,,,
76,Marquette,BE,0-0,108.1,96.8,0.7792,16-16,12-Aug,46.60%,36.80%
,,,,73,80,,,,,
77,Vermont,AE,0-0,107.8,96.7,0.7769,24-6,14-2,64.60%,60.90%
,,,,77,78,,,,,
78,South Carolina,SEC,0-0,104.4,94,0.7697,17-14,9-Sep,76.00%,75.90%
,,,,125,36,,,,,
79,St. Bonaventure,A10,0-0,109.7,98.9,0.7671,19-11,7-Nov,80.50%,81.40%
,,,,52,117,,,,,
80,Texas A&M,SEC,0-0,104.2,94.2,0.7614,17-13,10-Aug,65.20%,64.50%
,,,,128,39,,,,,
81,Duquesne,A10,0-0,108.7,98.5,0.7568,20-10,8-Oct,83.50%,85.40%
,,,,63,109,,,,,
82,TCU,B12,0-0,105.4,95.7,0.7533,14-16,13-May,60.50%,57.30%
,,,,110,61,,,,,
83,Boise St.,MWC,0-0,106.6,97,0.7481,19-10,6-Dec,40.90%,43.70%
,,,,88,82,,,,,
84,New Mexico St.,WAC,0-0,107.1,97.5,0.7459,23-6,14-2,40.60%,37.70%
,,,,83,89,,,,,
85,Saint Mary's,WCC,0-0,109.6,100,0.743,18-12,7-Sep,45.20%,33.20%
,,,,53,136,,,,,
86,Rhode Island,A10,0-0,105.2,96,0.7425,17-13,8-Oct,34.00%,36.70%
,,,,116,67,,,,,
87,Pittsburgh,ACC,0-0,106.4,97.1,0.7418,14-17,13-Jul,63.70%,62.70%
,,,,92,84,,,,,
88,South Florida,Amer,0-0,104.8,95.8,0.7369,17-12,8-Aug,75.30%,70.10%
,,,,119,63,,,,,
89,DePaul,BE,0-0,105.1,96.2,0.7347,15-17,13-Jul,64.60%,64.20%
,,,,117,71,,,,,
90,California,P12,0-0,108.4,99.4,0.7298,16-15,11-Jul,66.50%,65.20%
,,,,67,127,,,,,
91,Dayton,A10,0-0,105.7,97,0.7277,18-13,9-Sep,51.60%,50.10%
,,,,106,83,,,,,
92,Iowa St.,B12,0-0,110.4,101.4,0.7269,13-18,13-May,44.40%,47.70%
,,,,44,166,,,,,
93,Utah St.,MWC,0-0,102.9,94.8,0.7194,18-11,6-Dec,54.80%,53.30%
,,,,149,48,,,,,
94,Indiana St.,MVC,0-0,107.8,99.5,0.7137,17-11,7-Nov,63.10%,64.30%
,,,,78,129,,,,,
95,Missouri St.,MVC,0-0,107.9,99.8,0.71,19-12,7-Nov,36.20%,34.30%
,,,,75,133,,,,,
96,Furman,SC,0-0,103.7,96,0.7067,19-9,13-5,74.30%,73.80%
,,,,137,68,,,,,
97,Louisiana Tech,CUSA,0-0,106.2,98.7,0.6986,17-11,8-Oct,57.70%,54.50%
,,,,98,113,,,,,
98,Marshall,CUSA,0-0,104.6,97.3,0.6977,18-12,8-Oct,96.00%,96.50%
,,,,123,86,,,,,
99,South Dakota St.,Sum,0-0,109.6,101.9,0.6965,22-7,14-2,88.50%,86.90%
,,,,54,176,,,,,
100,Mississippi St.,SEC,0-0,106.1,98.8,0.6922,15-16,11-Jul,37.00%,28.00%
,,,,99,116,,,,,
RK,TEAM,CONF,REC,ADJOE,ADJDE,BARTHAG,PROJ. RECORD,,RET MINS,RPMS
101,Pepperdine,WCC,0-0,110,102.6,0.6889,17-13,8-Aug,82.50%,77.90%
,,,,49,189,,,,,
102,Georgia St.,SB,0-0,105,98,0.6881,21-8,15-5,72.10%,74.10%
,,,,118,99,,,,,
103,Boston College,ACC,0-0,108.3,101.1,0.6879,13-18,14-Jun,49.40%,44.70%
,,,,69,160,,,,,
104,Yale,Ivy,0-0,105.3,98.4,0.6869,18-10,4-Oct,68.60%,70.20%
,,,,113,107,,,,,
105,Nebraska,B10,0-0,104.3,97.4,0.6865,19-Dec,15-May,26.60%,21.90%
,,,,127,87,,,,,
106,Georgia,SEC,0-0,103.3,96.6,0.6823,13-17,12-Jun,36.00%,33.30%
,,,,145,76,,,,,
107,Murray St.,OVC,0-0,102.8,96.7,0.6706,21-7,14-4,65.20%,68.00%
,,,,151,77,,,,,
108,George Mason,A10,0-0,105.3,99.1,0.6676,17-14,9-Sep,87.70%,90.50%
,,,,114,121,,,,,
109,San Francisco,WCC,0-0,103.7,97.8,0.6632,17-13,8-Aug,50.40%,47.80%
,,,,136,93,,,,,
110,Auburn,SEC,0-0,103.8,97.9,0.6615,14-17,12-Jun,21.50%,17.00%
,,,,134,97,,,,,
111,Colorado St.,MWC,0-0,109.9,103.8,0.6598,17-13,8-Oct,65.70%,63.10%
,,,,51,213,,,,,
112,Santa Clara,WCC,0-0,106.1,100.2,0.6584,18-11,8-Aug,71.40%,69.20%
,,,,100,139,,,,,
113,Little Rock,SB,0-0,106.3,100.5,0.6556,20-10,15-5,77.60%,74.20%
,,,,94,145,,,,,
114,Bradley,MVC,0-0,105.5,99.7,0.6552,17-13,8-Oct,55.50%,50.50%
,,,,109,131,,,,,
115,Tulsa,Amer,0-0,100.3,94.9,0.6543,17-12,8-Aug,44.90%,44.70%
,,,,201,51,,,,,
116,UNLV,MWC,0-0,106.5,100.8,0.6539,17-14,8-Oct,39.60%,41.20%
,,,,91,151,,,,,
117,Princeton,Ivy,0-0,106.4,100.7,0.6533,17-9,4-Oct,78.90%,75.80%
,,,,93,149,,,,,
118,Wyoming,MWC,0-0,103.4,98.2,0.6424,18-11,8-Oct,48.90%,54.70%
,,,,141,104,,,,,
119,UAB,CUSA,0-0,105.4,100.1,0.6423,17-12,8-Oct,51.20%,58.80%
,,,,112,138,,,,,
120,Georgetown,BE,0-0,104.3,99.2,0.6418,21-Dec,15-May,38.20%,36.70%
,,,,126,122,,,,,
121,Pacific,WCC,0-0,102.5,97.5,0.6408,18-12,8-Aug,58.30%,52.40%
,,,,158,88,,,,,
122,Wright St.,Horz,0-0,102.8,97.9,0.6362,21-8,13-5,60.60%,64.30%
,,,,153,98,,,,,
123,Chattanooga,SC,0-0,110.7,105.5,0.6355,19-10,6-Dec,52.00%,54.00%
,,,,40,250,,,,,
124,UTSA,CUSA,0-0,108.7,103.7,0.6324,16-12,8-Oct,66.90%,78.30%
,,,,62,212,,,,,
125,Abilene Christian,Slnd,0-0,102.5,97.8,0.6307,19-8,16-4,74.80%,74.10%
,,,,160,94,,,,,
126,VCU,A10,0-0,100.8,96.3,0.6276,15-16,11-Jul,37.30%,35.00%
,,,,193,74,,,,,
127,Massachusetts,A10,0-0,107.6,103.2,0.6179,15-16,10-Aug,58.90%,57.10%
,,,,80,202,,,,,
128,Nevada,MWC,0-0,105.5,101.3,0.6154,16-14,8-Oct,31.00%,22.90%
,,,,108,163,,,,,
129,Montana,BSky,0-0,102.4,98.4,0.6115,20-9,16-4,49.10%,39.30%
,,,,161,108,,,,,
130,UTEP,CUSA,0-0,103.9,99.9,0.6106,16-12,8-Oct,54.70%,55.30%
,,,,132,135,,,,,
131,Texas St.,SB,0-0,101.9,98.1,0.6085,18-11,13-7,70.20%,62.90%
,,,,168,101,,,,,
132,San Diego,WCC,0-0,101.5,97.7,0.6078,15-15,9-Jul,56.60%,53.40%
,,,,176,92,,,,,
133,Wake Forest,ACC,0-0,105.3,101.6,0.6016,20-Oct,15-May,33.30%,29.60%
,,,,115,169,,,,,
134,Stephen F. Austin,Slnd,0-0,101.3,97.8,0.599,20-8,15-5,61.20%,57.60%
,,,,179,95,,,,,
135,Bowling Green,MAC,0-0,105.8,102.2,0.5982,18-11,7-Nov,63.90%,60.30%
,,,,104,180,,,,,
136,La Salle,A10,0-0,102.4,99,0.5964,15-15,11-Jul,66.90%,63.80%
,,,,162,118,,,,,
137,Fordham,A10,0-0,98.7,95.6,0.5892,16-14,11-Jul,82.20%,77.90%
,,,,238,60,,,,,
138,UCF,Amer,0-0,101.1,98.2,0.5831,14-15,10-Jul,43.30%,40.00%
,,,,186,103,,,,,
139,Oregon St.,P12,0-0,103.3,100.3,0.5819,18-Dec,14-Apr,59.30%,55.60%
,,,,144,141,,,,,
140,Vanderbilt,SEC,0-0,103.4,100.5,0.5803,13-18,14-Apr,71.90%,61.70%
,,,,142,144,,,,,
141,Drake,MVC,0-0,102.7,99.9,0.5787,15-14,10-Aug,72.30%,66.50%
,,,,157,134,,,,,
142,Saint Joseph's,A10,0-0,107.7,104.9,0.5744,19-Dec,11-Jul,71.40%,72.90%
,,,,79,237,,,,,
143,Ohio,MAC,0-0,101.8,99.3,0.5717,17-12,7-Nov,68.40%,71.20%
,,,,170,125,,,,,
144,Loyola Marymount,WCC,0-0,107,104.7,0.563,14-15,10-Jun,54.80%,61.70%
,,,,84,233,,,,,
145,UC Irvine,BW,0-0,101.2,99,0.5618,18-12,5-Nov,45.10%,43.60%
,,,,183,119,,,,,
146,Buffalo,MAC,0-0,101.5,99.4,0.5599,18-12,7-Nov,64.40%,64.30%
,,,,175,128,,,,,
147,Winthrop,BSth,0-0,103.5,101.5,0.5549,20-9,15-3,86.80%,87.20%
,,,,138,168,,,,,
148,Siena,MAAC,0-0,106.2,104.4,0.5515,19-10,14-6,56.80%,57.90%
,,,,97,226,,,,,
149,East Carolina,Amer,0-0,102.8,101,0.55,16-14,10-Jul,96.40%,96.10%
,,,,154,157,,,,,
150,Illinois St.,MVC,0-0,102.5,100.9,0.5452,13-16,10-Aug,47.60%,47.50%
,,,,159,153,,,,,
RK,TEAM,CONF,REC,ADJOE,ADJDE,BARTHAG,PROJ. RECORD,,RET MINS,RPMS
151,Washington St.,P12,0-0,102.3,101,0.5379,19-Dec,14-Apr,49.80%,50.10%
,,,,164,156,,,,,
152,Belmont,OVC,0-0,103.2,101.9,0.5372,18-12,6-Dec,45.60%,48.00%
,,,,146,175,,,,,
153,Monmouth,MAAC,0-0,101.8,100.7,0.5313,19-12,14-6,67.70%,61.90%
,,,,172,148,,,,,
154,Eastern Michigan,MAC,0-0,97.6,96.8,0.5244,14-13,7-Nov,74.90%,72.80%
,,,,257,79,,,,,
155,Austin Peay,OVC,0-0,104.1,103.5,0.5155,17-12,6-Dec,57.20%,63.40%
,,,,129,207,,,,,
156,Miami OH,MAC,0-0,102.9,102.4,0.5134,17-12,8-Oct,77.30%,72.20%
,,,,150,184,,,,,
157,FIU,CUSA,0-0,100.9,100.6,0.51,16-Dec,11-Jul,61.10%,51.60%
,,,,190,146,,,,,
158,Eastern Illinois,OVC,0-0,103,102.9,0.5033,18-10,6-Dec,77.10%,81.20%
,,,,148,195,,,,,
159,UMBC,AE,0-0,102.3,102.2,0.5033,16-11,5-Nov,79.30%,68.80%
,,,,163,181,,,,,
160,Middle Tennessee,CUSA,0-0,104,104.1,0.4992,16-Dec,10-Aug,72.60%,72.40%
,,,,131,219,,,,,
161,Penn,Ivy,0-0,98.6,98.7,0.4988,13-13,6-Aug,46.60%,41.90%
,,,,239,112,,,,,
162,Valparaiso,MVC,0-0,100.9,100.9,0.498,13-17,11-Jul,66.10%,61.90%
,,,,192,155,,,,,
163,Charlotte,CUSA,0-0,102.2,102.7,0.4864,13-16,11-Jul,47.20%,55.50%
,,,,166,190,,,,,
164,Western Carolina,SC,0-0,105.7,106.2,0.4861,14-13,8-Oct,71.50%,64.40%
,,,,105,266,,,,,
165,Liberty,ASun,0-0,97,97.6,0.4842,19-10,6-Oct,49.50%,37.30%
,,,,269,90,,,,,
166,Toledo,MAC,0-0,103.5,104.1,0.4834,16-14,8-Oct,48.60%,51.20%
,,,,140,220,,,,,
167,Colgate,Pat,0-0,103.8,104.5,0.4812,18-12,6-Dec,68.90%,63.40%
,,,,133,229,,,,,
168,UC Santa Barbara,BW,0-0,104.7,105.4,0.4807,18-11,6-Oct,77.20%,74.90%
,,,,121,246,,,,,
169,Fresno St.,MWC,0-0,101.1,101.8,0.4788,16-Dec,10-Aug,32.40%,26.30%
,,,,187,173,,,,,
170,UC Riverside,BW,0-0,100.2,101.1,0.4743,18-11,6-Oct,72.70%,72.30%
,,,,206,158,,,,,
171,College of Charleston,CAA,0-0,101.1,102.1,0.4736,15-14,7-Nov,48.20%,37.90%
,,,,185,178,,,,,
172,Eastern Washington,BSky,0-0,100,101.2,0.4664,17-12,13-7,81.90%,76.40%
,,,,208,162,,,,,
173,Harvard,Ivy,0-0,100.8,102,0.4662,13-15,7-Jul,30.80%,36.40%
,,,,194,177,,,,,
174,Northeastern,CAA,0-0,101.4,102.7,0.4631,17-13,7-Nov,41.00%,38.10%
,,,,177,191,,,,,
175,Illinois Chicago,Horz,0-0,97.9,99.2,0.4629,16-14,8-Oct,49.80%,43.20%
,,,,249,123,,,,,
176,Eastern Kentucky,OVC,0-0,100.8,102.3,0.4567,15-14,7-Nov,67.50%,69.30%
,,,,195,183,,,,,
177,Grand Canyon,WAC,0-0,103.1,104.7,0.4561,17-12,5-Nov,54.80%,51.50%
,,,,147,234,,,,,
178,Cornell,Ivy,0-0,105.9,107.5,0.456,13-Dec,7-Jul,83.30%,81.40%
,,,,103,287,,,,,
179,Coastal Carolina,SB,0-0,101.9,103.6,0.4535,15-14,9-Nov,64.30%,56.40%
,,,,167,209,,,,,
180,Boston University,Pat,0-0,101.3,102.9,0.4533,18-12,6-Dec,86.60%,79.30%
,,,,180,196,,,,,
181,Ball St.,MAC,0-0,95.9,97.6,0.4485,15-15,9-Sep,42.20%,39.30%
,,,,293,91,,,,,
182,Southern Illinois,MVC,0-0,97.6,99.3,0.4481,18-Dec,12-Jun,42.40%,43.40%
,,,,258,126,,,,,
183,NJIT,AE,0-0,100,101.8,0.447,15-13,6-Oct,66.90%,71.20%
,,,,209,174,,,,,
184,UT Arlington,SB,0-0,96.5,98.5,0.4419,13-16,10-Oct,49.70%,48.90%
,,,,278,110,,,,,
185,Saint Peter's,MAAC,0-0,97.2,99.2,0.4404,17-12,8-Dec,62.30%,63.70%
,,,,266,124,,,,,
186,Southern Miss,CUSA,0-0,98.7,100.8,0.4402,17-Nov,11-Jul,55.20%,50.40%
,,,,234,150,,,,,
187,Lafayette,Pat,0-0,104.7,106.9,0.44,17-11,6-Dec,66.70%,65.50%
,,,,120,278,,,,,
188,Northern Kentucky,Horz,0-0,98,100.1,0.4393,14-14,8-Oct,49.10%,40.50%
,,,,248,137,,,,,
189,Cal St. Bakersfield,BW,0-0,99.9,102.1,0.4376,15-13,6-Oct,78.30%,75.90%
,,,,213,179,,,,,
190,Akron,MAC,0-0,98.9,101.1,0.4373,14-15,9-Sep,40.10%,40.00%
,,,,230,159,,,,,
191,Long Beach St.,BW,0-0,100.7,103.1,0.4334,14-16,6-Oct,81.30%,84.30%
,,,,196,199,,,,,
192,Canisius,MAAC,0-0,101.7,104.2,0.4316,17-14,8-Dec,71.70%,70.40%
,,,,173,222,,,,,
193,Wofford,SC,0-0,100.5,103.1,0.426,14-15,9-Sep,54.90%,51.90%
,,,,199,200,,,,,
194,Norfolk St.,MEAC,0-0,98.3,100.9,0.4259,16-11,4-Dec,69.70%,59.40%
,,,,244,154,,,,,
195,Drexel,CAA,0-0,103.7,106.5,0.4255,15-15,8-Oct,76.10%,73.60%
,,,,135,270,,,,,
196,Southern Utah,BSky,0-0,98.6,101.4,0.4197,16-13,8-Dec,57.20%,55.80%
,,,,240,165,,,,,
197,Cleveland St.,Horz,0-0,101.2,104.3,0.4125,14-16,9-Sep,79.40%,81.60%
,,,,184,225,,,,,
198,Navy,Pat,0-0,99.9,103,0.4125,16-12,7-Nov,85.60%,85.50%
,,,,212,198,,,,,
199,Southern,SWAC,0-0,100.5,103.8,0.4065,17-12,13-5,68.80%,63.00%
,,,,200,214,,,,,
200,South Alabama,SB,0-0,102.2,105.7,0.4045,13-15,10-Oct,22.20%,15.50%
,,,,165,254,,,,,
RK,TEAM,CONF,REC,ADJOE,ADJDE,BARTHAG,PROJ. RECORD,,RET MINS,RPMS
201,Youngstown St.,Horz,0-0,104.5,108.3,0.3998,15-14,9-Sep,69.60%,73.60%
,,,,124,301,,,,,
202,Louisiana Lafayette,SB,0-0,100.3,103.9,0.3995,14-16,10-Oct,63.50%,57.10%
,,,,203,216,,,,,
203,East Tennessee St.,SC,0-0,96.6,100.4,0.3899,13-15,10-Aug,10.40%,6.70%
,,,,277,142,,,,,
204,Towson,CAA,0-0,100.9,104.9,0.3894,14-15,8-Oct,48.70%,39.60%
,,,,191,238,,,,,
205,Florida Gulf Coast,ASun,0-0,97.8,101.8,0.3868,15-14,7-Sep,66.50%,67.50%
,,,,253,172,,,,,
206,Hawaii,BW,0-0,98.5,102.6,0.3848,15-14,7-Sep,42.50%,37.60%
,,,,242,188,,,,,
207,Northwestern St.,Slnd,0-0,102.7,107.2,0.3782,15-11,8-Dec,72.80%,64.00%
,,,,156,282,,,,,
208,Brown,Ivy,0-0,94.8,99.1,0.3756,14-Dec,8-Jun,59.30%,52.20%
,,,,311,120,,,,,
209,Georgia Southern,SB,0-0,96.4,100.8,0.3741,13-16,11-Sep,18.20%,17.40%
,,,,279,152,,,,,
210,Detroit,Horz,0-0,105.4,110.3,0.374,13-18,9-Sep,51.70%,60.60%
,,,,111,331,,,,,
211,UC San Diego,BW,0-0,100,104.6,0.3727,Jan-00,Jan-00,70.00%,70.00%
,,,,210,231,,,,,
212,Oral Roberts,Sum,0-0,103.3,108.2,0.3713,13-Dec,6-Oct,43.20%,39.60%
,,,,143,299,,,,,
213,Hofstra,CAA,0-0,101.9,106.7,0.37,15-15,9-Sep,41.20%,36.10%
,,,,169,274,,,,,
214,New Hampshire,AE,0-0,96.8,101.5,0.3691,14-13,7-Sep,79.40%,81.50%
,,,,272,167,,,,,
215,Manhattan,MAAC,0-0,98.3,103,0.3691,15-14,9-Nov,48.40%,46.60%
,,,,245,197,,,,,
216,Fairleigh Dickinson,NEC,0-0,104.6,109.6,0.3687,14-14,7-Nov,82.00%,80.30%
,,,,122,320,,,,,
217,Arkansas Pine Bluff,SWAC,0-0,101.2,106.1,0.3676,14-15,6-Dec,69.90%,61.20%
,,,,182,263,,,,,
218,Nicholls St.,Slnd,0-0,101.3,106.2,0.3669,14-13,8-Dec,19.20%,18.60%
,,,,181,265,,,,,
219,George Washington,A10,0-0,100.1,105,0.3652,20-Nov,14-Apr,67.20%,58.00%
,,,,207,239,,,,,
220,North Dakota St.,Sum,0-0,99.1,104,0.364,16-12,7-Sep,45.50%,36.00%
,,,,227,217,,,,,
221,Mercer,SC,0-0,99.1,104.1,0.3619,13-16,10-Aug,55.30%,48.90%
,,,,225,221,,,,,
222,Northern Illinois,MAC,0-0,97.8,102.8,0.3616,14-16,10-Aug,50.30%,41.70%
,,,,252,193,,,,,
223,Temple,Amer,0-0,95.4,100.3,0.3605,21-Aug,12-Apr,37.30%,26.60%
,,,,302,140,,,,,
224,Florida Atlantic,CUSA,0-0,95.7,100.6,0.3597,19-Sep,13-May,46.50%,36.40%
,,,,295,147,,,,,
225,Northern Colorado,BSky,0-0,96.3,101.3,0.3582,15-14,9-Nov,58.00%,52.30%
,,,,283,164,,,,,
226,Stetson,ASun,0-0,101.7,107,0.3558,15-14,8-Aug,83.20%,86.20%
,,,,174,281,,,,,
227,UNC Wilmington,CAA,0-0,99.1,104.4,0.3556,16-Dec,9-Sep,87.00%,81.80%
,,,,224,227,,,,,
228,Lipscomb,ASun,0-0,99,104.3,0.3552,15-Dec,8-Aug,73.10%,74.20%
,,,,229,224,,,,,
229,Nebraska Omaha,Sum,0-0,101.3,106.8,0.353,15-15,7-Sep,68.70%,65.00%
,,,,178,276,,,,,
230,UNC Asheville,BSth,0-0,102.8,108.4,0.3518,16-11,6-Dec,90.90%,94.90%
,,,,152,303,,,,,
231,Marist,MAAC,0-0,98,103.5,0.3482,15-14,10-Oct,72.00%,74.50%
,,,,247,208,,,,,
232,Portland,WCC,0-0,100,105.6,0.3469,19-Oct,13-Mar,59.30%,58.20%
,,,,211,252,,,,,
233,Merrimack,NEC,0-0,93.1,98.3,0.3463,16-14,7-Nov,54.70%,49.20%
,,,,332,106,,,,,
234,Texas Southern,SWAC,0-0,100.3,106,0.3454,14-16,6-Dec,63.60%,61.30%
,,,,204,261,,,,,
235,James Madison,CAA,0-0,101.8,107.7,0.345,13-15,9-Sep,50.70%,50.80%
,,,,171,290,,,,,
236,Tennessee Tech,OVC,0-0,99,104.8,0.3436,13-16,8-Oct,55.90%,59.60%
,,,,228,235,,,,,
237,Lamar,Slnd,0-0,95.4,101.2,0.3374,14-14,9-Nov,70.00%,62.50%
,,,,301,161,,,,,
238,Montana St.,BSky,0-0,100.2,106.3,0.3363,14-15,9-Nov,40.90%,46.00%
,,,,205,267,,,,,
239,Milwaukee,Horz,0-0,97.4,103.4,0.3345,13-15,10-Aug,56.00%,51.20%
,,,,262,206,,,,,
240,North Florida,ASun,0-0,104.1,110.6,0.3322,17-Dec,8-Aug,40.70%,35.30%
,,,,130,334,,,,,
241,Niagara,MAAC,0-0,103.5,110,0.3315,13-18,10-Oct,84.10%,79.20%
,,,,139,327,,,,,
242,North Alabama,ASun,0-0,97.9,104,0.3314,15-Dec,8-Aug,76.00%,74.70%
,,,,251,218,,,,,
243,Loyola MD,Pat,0-0,100.6,107,0.3307,15-15,8-Oct,77.20%,66.60%
,,,,197,280,,,,,
244,IUPUI,Horz,0-0,102.8,109.3,0.33,18-Nov,10-Aug,78.70%,80.60%
,,,,155,317,,,,,
245,Robert Morris,Horz,0-0,96.1,102.3,0.3274,14-16,7-Nov,54.90%,53.20%
,,,,289,182,,,,,
246,Elon,CAA,0-0,101,107.6,0.3254,16-Dec,10-Aug,77.90%,69.30%
,,,,189,289,,,,,
247,Jackson St.,SWAC,0-0,95.3,101.7,0.3213,14-15,6-Dec,45.70%,51.80%
,,,,303,170,,,,,
248,Campbell,BSth,0-0,99.5,106.4,0.3164,15-13,7-Nov,61.00%,60.40%
,,,,218,269,,,,,
249,LIU Brooklyn,NEC,0-0,98.8,105.8,0.3135,15-15,8-Oct,51.80%,50.30%
,,,,232,256,,,,,
250,Sacramento St.,BSky,0-0,95.6,102.5,0.3115,13-14,10-Oct,43.80%,47.30%
,,,,297,186,,,,,
RK,TEAM,CONF,REC,ADJOE,ADJDE,BARTHAG,PROJ. RECORD,,RET MINS,RPMS
251,Jacksonville,ASun,0-0,98.8,105.9,0.3101,13-16,9-Jul,51.50%,45.80%
,,,,233,258,,,,,
252,American,Pat,0-0,97.4,104.5,0.3083,14-15,9-Sep,57.40%,48.50%
,,,,264,228,,,,,
253,Appalachian St.,SB,0-0,96.6,103.7,0.3075,19-Oct,12-Aug,54.50%,59.80%
,,,,276,211,,,,,
254,Delaware,CAA,0-0,101,108.4,0.3067,13-17,10-Aug,53.30%,47.00%
,,,,188,302,,,,,
255,UC Davis,BW,0-0,98.7,106,0.3056,18-Dec,9-Jul,62.60%,62.30%
,,,,235,260,,,,,
256,Fairfield,MAAC,0-0,94.5,101.7,0.301,13-18,11-Sep,51.10%,49.90%
,,,,316,171,,,,,
257,New Mexico,MWC,0-0,95.9,103.6,0.2901,20-Oct,13-May,26.90%,21.00%
,,,,291,210,,,,,
258,Kent St.,MAC,0-0,97.5,105.4,0.2891,19-Oct,12-Jun,26.30%,27.10%
,,,,260,247,,,,,
259,Troy,SB,0-0,99.3,107.4,0.2886,18-Nov,12-Aug,46.90%,34.20%
,,,,220,285,,,,,
260,Air Force,MWC,0-0,100.3,108.6,0.2861,20-Sep,13-May,40.90%,36.60%
,,,,202,307,,,,,
261,Evansville,MVC,0-0,96.6,104.6,0.2859,22-Aug,14-Apr,51.70%,42.00%
,,,,275,232,,,,,
262,Charleston Southern,BSth,0-0,96.6,104.8,0.2821,14-14,7-Nov,75.90%,76.80%
,,,,274,236,,,,,
263,North Carolina A&T,MEAC,0-0,95.2,103.3,0.2815,14-16,6-Oct,62.60%,57.80%
,,,,304,204,,,,,
264,Hartford,AE,0-0,94.4,102.4,0.2804,13-16,9-Jul,63.30%,58.40%
,,,,319,185,,,,,
265,Fort Wayne,Horz,0-0,94.9,103.2,0.2772,16-Dec,8-Aug,59.50%,61.50%
,,,,308,201,,,,,
266,Columbia,Ivy,0-0,97.4,105.9,0.2759,19-Oct,9-May,57.90%,45.40%
,,,,263,259,,,,,
267,Mount St. Mary's,NEC,0-0,97.7,106.3,0.2746,13-17,9-Sep,72.50%,68.30%
,,,,254,268,,,,,
268,Central Michigan,MAC,0-0,99.1,107.9,0.2737,18-Oct,12-Jun,35.10%,32.50%
,,,,226,294,,,,,
269,San Jose St.,MWC,0-0,99.8,108.7,0.2724,21-Aug,13-May,57.60%,61.20%
,,,,214,309,,,,,
270,Albany,AE,0-0,97.4,106.1,0.2722,13-17,9-Jul,55.50%,47.60%
,,,,261,264,,,,,
271,Tennessee St.,OVC,0-0,94.2,102.8,0.2699,18-Nov,11-Jul,57.30%,54.50%
,,,,321,192,,,,,
272,Western Michigan,MAC,0-0,96.3,105,0.2694,19-Oct,12-Jun,63.10%,51.50%
,,,,284,240,,,,,
273,VMI,SC,0-0,98.4,107.4,0.2675,18-Oct,12-Jun,60.30%,60.60%
,,,,243,286,,,,,
274,Jacksonville St.,OVC,0-0,94.2,102.8,0.2674,17-Dec,10-Aug,31.20%,25.90%
,,,,322,194,,,,,
275,Oakland,Horz,0-0,96.2,105.1,0.2673,20-Oct,11-Jul,52.70%,44.40%
,,,,285,241,,,,,
276,The Citadel,SC,0-0,100.6,109.9,0.2652,17-Sep,12-Jun,66.80%,55.10%
,,,,198,324,,,,,
277,Central Arkansas,Slnd,0-0,99.2,108.5,0.2641,19-Nov,11-Sep,76.40%,78.70%
,,,,221,304,,,,,
278,Bryant,NEC,0-0,98.5,107.9,0.2579,13-17,9-Sep,35.20%,34.60%
,,,,241,296,,,,,
279,Green Bay,Horz,0-0,99.2,109,0.2537,20-Sep,12-Jun,27.80%,28.50%
,,,,222,313,,,,,
280,Tulane,Amer,0-0,96.1,105.8,0.2486,21-Jul,13-Mar,34.40%,21.10%
,,,,287,257,,,,,
281,St. Francis PA,NEC,0-0,99.6,109.8,0.2462,16-Dec,9-Sep,44.40%,42.80%
,,,,217,322,,,,,
282,Texas A&M Corpus Chris,Slnd,0-0,95.6,105.4,0.2458,17-Dec,11-Sep,63.50%,60.20%
,,,,298,248,,,,,
283,Florida A&M,MEAC,0-0,96.2,106.1,0.2452,16-Nov,7-Sep,66.60%,63.80%
,,,,286,262,,,,,
284,Morehead St.,OVC,0-0,97.6,107.7,0.2442,17-Dec,11-Jul,49.00%,45.80%
,,,,256,292,,,,,
285,Northern Arizona,BSky,0-0,98.9,109.1,0.2438,16-Nov,11-Sep,47.30%,44.70%
,,,,231,315,,,,,
286,UT Rio Grande Valley,WAC,0-0,95.2,105.2,0.2415,16-Oct,9-Jul,73.70%,60.30%
,,,,305,244,,,,,
287,Stony Brook,AE,0-0,90.8,100.4,0.239,19-Nov,9-Jul,30.20%,22.10%
,,,,350,143,,,,,
288,Sam Houston St.,Slnd,0-0,95.1,105.3,0.2369,17-Oct,11-Sep,32.80%,32.10%
,,,,306,245,,,,,
289,Army,Pat,0-0,94.7,105.2,0.231,17-Nov,11-Jul,65.70%,54.00%
,,,,312,243,,,,,
290,Cal Baptist,WAC,0-0,99.8,110.8,0.2303,15-Dec,9-Jul,25.20%,10.90%
,,,,216,335,,,,,
291,North Carolina Central,MEAC,0-0,96.4,107.2,0.2269,16-Nov,7-Sep,72.50%,64.30%
,,,,280,283,,,,,
292,Grambling St.,SWAC,0-0,92.9,103.4,0.2254,15-Dec,8-Oct,56.00%,45.30%
,,,,335,205,,,,,
293,Idaho St.,BSky,0-0,99.2,110.4,0.225,18-Sep,12-Aug,56.70%,62.90%
,,,,223,332,,,,,
294,Central Connecticut,NEC,0-0,98.7,109.9,0.2243,19-Nov,10-Aug,81.20%,76.00%
,,,,236,325,,,,,
295,Louisiana Monroe,SB,0-0,94.9,105.8,0.2238,19-Aug,14-Jun,36.90%,26.90%
,,,,309,255,,,,,
296,Seattle,WAC,0-0,95.9,106.9,0.2234,18-Nov,9-Jul,26.30%,19.60%
,,,,290,277,,,,,
297,Gardner Webb,BSth,0-0,96.4,107.5,0.2209,17-Nov,9-Sep,36.10%,35.00%
,,,,281,288,,,,,
298,Maine,AE,0-0,94.6,105.7,0.2187,19-Oct,10-Jun,70.80%,61.10%
,,,,315,253,,,,,
299,UMass Lowell,AE,0-0,99.5,111.2,0.2177,18-Dec,10-Jun,57.40%,56.70%
,,,,219,339,,,,,
300,USC Upstate,BSth,0-0,98.2,109.8,0.2174,17-Dec,9-Sep,94.60%,94.20%
,,,,246,323,,,,,
RK,TEAM,CONF,REC,ADJOE,ADJDE,BARTHAG,PROJ. RECORD,,RET MINS,RPMS
301,Iona,MAAC,0-0,97.2,108.7,0.2166,18-Sep,13-Jul,28.90%,20.10%
,,,,267,308,,,,,
302,Wagner,NEC,0-0,97.5,109.1,0.216,17-Nov,10-Aug,65.50%,62.90%
,,,,259,314,,,,,
303,North Dakota,Sum,0-0,96.3,107.8,0.216,19-Aug,9-Jul,48.80%,48.10%
,,,,282,293,,,,,
304,Arkansas St.,SB,0-0,97.2,108.8,0.2156,20-Sep,14-Jun,48.50%,45.80%
,,,,265,310,,,,,
305,Bucknell,Pat,0-0,91.4,102.5,0.2115,21-Oct,11-Jul,55.30%,52.00%
,,,,346,187,,,,,
306,Southeastern Louisiana,Slnd,0-0,95.9,107.7,0.2082,18-Oct,12-Aug,54.50%,49.40%
,,,,292,291,,,,,
307,Cal Poly,BW,0-0,97.9,109.9,0.2082,20-Aug,10-Jun,56.20%,49.00%
,,,,250,326,,,,,
308,Lehigh,Pat,0-0,95.1,106.9,0.2056,20-Aug,11-Jul,72.90%,66.20%
,,,,307,279,,,,,
309,Cal St. Fullerton,BW,0-0,92.3,103.9,0.2048,21-Aug,10-Jun,36.00%,26.80%
,,,,340,215,,,,,
310,Utah Valley,WAC,0-0,91.6,103.3,0.2008,19-Sep,10-Jun,21.50%,21.80%
,,,,344,203,,,,,
311,Dartmouth,Ivy,0-0,92.7,104.6,0.2002,21-Jul,11-Mar,29.90%,23.30%
,,,,336,230,,,,,
312,UMKC,Sum,0-0,93.1,105.1,0.1976,19-Sep,10-Jun,49.20%,41.10%
,,,,331,242,,,,,
313,South Dakota,Sum,0-0,94.6,107.3,0.1905,17-Nov,10-Jun,31.10%,34.70%
,,,,314,284,,,,,
314,Radford,BSth,0-0,95.7,108.5,0.1899,19-Sep,10-Aug,15.10%,10.90%
,,,,296,305,,,,,
315,Denver,Sum,0-0,93.9,106.6,0.1892,19-Oct,10-Jun,63.00%,58.80%
,,,,326,272,,,,,
316,St. Francis NY,NEC,0-0,92.9,105.5,0.189,18-Nov,11-Jul,58.30%,54.70%
,,,,334,249,,,,,
317,New Orleans,Slnd,0-0,97.1,110.2,0.1888,18-Aug,12-Aug,67.00%,53.20%
,,,,268,330,,,,,
318,Delaware St.,MEAC,0-0,98.7,112,0.1886,16-Dec,8-Aug,85.70%,73.60%
,,,,237,345,,,,,
319,Coppin St.,MEAC,0-0,91.6,104.2,0.1853,20-Nov,8-Aug,36.70%,39.30%
,,,,343,223,,,,,
320,Rider,MAAC,0-0,93.4,106.5,0.1812,21-Sep,14-Jun,19.30%,15.50%
,,,,329,271,,,,,
321,Southeast Missouri St.,OVC,0-0,97.6,111.4,0.18,20-Sep,12-Jun,46.00%,36.60%
,,,,255,340,,,,,
322,Longwood,BSth,0-0,92.5,105.6,0.1795,18-Nov,10-Aug,52.70%,47.30%
,,,,338,251,,,,,
323,Quinnipiac,MAAC,0-0,95.5,108.9,0.1794,20-Oct,14-Jun,61.60%,52.00%
,,,,300,312,,,,,
324,High Point,BSth,0-0,94.5,107.9,0.1779,19-Oct,10-Aug,78.00%,75.10%
,,,,317,295,,,,,
325,William & Mary,CAA,0-0,95.5,109.2,0.1767,22-Aug,13-May,48.50%,34.60%
,,,,299,316,,,,,
326,Morgan St.,MEAC,0-0,93.3,106.7,0.1752,17-Nov,8-Aug,70.60%,66.00%
,,,,330,275,,,,,
327,Howard,MEAC,0-0,99.8,114.3,0.1745,18-Nov,8-Aug,65.10%,56.80%
,,,,215,354,,,,,
328,Portland St.,BSky,0-0,95.8,109.7,0.1743,21-Sep,13-Jul,23.90%,16.80%
,,,,294,321,,,,,
329,Weber St.,BSky,0-0,94.8,108.6,0.1742,20-Aug,13-Jul,46.20%,31.50%
,,,,310,306,,,,,
330,Incarnate Word,Slnd,0-0,96.9,111,0.1725,18-Oct,13-Jul,69.70%,65.90%
,,,,271,338,,,,,
331,Prairie View A&M,SWAC,0-0,92.6,106.6,0.1646,20-Sep,10-Aug,24.80%,18.90%
,,,,337,273,,,,,
332,McNeese St.,Slnd,0-0,96.1,110.9,0.1622,18-Sep,13-Jul,57.30%,52.60%
,,,,288,336,,,,,
333,Alcorn St.,SWAC,0-0,96.9,111.9,0.1606,16-Sep,10-Aug,40.20%,36.30%
,,,,270,344,,,,,
334,Idaho,BSky,0-0,94,108.8,0.1564,21-Aug,14-Jun,67.50%,53.80%
,,,,325,311,,,,,
335,Rice,CUSA,0-0,94.4,109.4,0.1559,24-May,16-Feb,32.70%,29.40%
,,,,318,318,,,,,
336,Alabama A&M,SWAC,0-0,91.6,108,0.13,20-Sep,11-Jul,64.60%,60.50%
,,,,345,297,,,,,
337,Chicago St.,WAC,0-0,96.8,114.3,0.1291,21-Jul,12-Apr,78.30%,75.00%
,,,,273,353,,,,,
338,Kennesaw St.,ASun,0-0,93.4,110.5,0.1272,24-May,13-Mar,55.80%,45.70%
,,,,328,333,,,,,
339,Binghamton,AE,0-0,94.2,111.5,0.126,21-Jun,12-Apr,55.60%,43.40%
,,,,323,341,,,,,
340,Samford,SC,0-0,94.7,112.2,0.1243,24-May,15-Mar,7.60%,5.70%
,,,,313,347,,,,,
341,Cal St. Northridge,BW,0-0,93.8,112.1,0.1142,25-May,13-Mar,47.40%,34.90%
,,,,327,346,,,,,
342,SIU Edwardsville,OVC,0-0,92,110.1,0.1127,23-Jun,14-Apr,39.80%,41.00%
,,,,341,329,,,,,
343,Bellarmine,ASun,0-0,93,111.6,0.1089,0-1,0-1,70.00%,70.00%
,,,,333,342,,,,,
344,Bethune Cookman,MEAC,0-0,89.8,108.1,0.1051,20-Jul,10-Jun,22.10%,16.90%
,,,,352,298,,,,,
345,Hampton,BSth,0-0,94.1,113.6,0.1028,21-Jul,13-May,36.00%,26.00%
,,,,324,351,,,,,
346,Maryland Eastern Shore,MEAC,0-0,91,110,0.1015,23-Jul,10-Jun,41.70%,42.90%
,,,,347,328,,,,,
347,Sacred Heart,NEC,0-0,90.5,109.5,0.1008,23-Jul,14-Apr,28.90%,26.80%
,,,,351,319,,,,,
348,Houston Baptist,Slnd,0-0,94.4,114.7,0.0952,23-Jun,15-May,46.30%,35.90%
,,,,320,355,,,,,
349,Tarleton St.,WAC,0-0,91,111,0.0924,Jan-00,Jan-00,70.00%,70.00%
,,,,348,337,,,,,
350,Holy Cross,Pat,0-0,92,112.3,0.0916,25-May,15-Mar,43.10%,40.40%
,,,,342,348,,,,,
351,Tennessee Martin,OVC,0-0,92.4,114.1,0.0815,23-Apr,15-Mar,37.80%,33.40%
,,,,339,352,,,,,
352,Western Illinois,Sum,0-0,89.4,111.7,0.0717,20-Apr,13-Mar,8.50%,6.90%
,,,,354,343,,,,,
353,Presbyterian,BSth,0-0,89.4,112.6,0.066,24-May,14-Apr,37.80%,32.80%
,,,,353,350,,,,,
354,Alabama St.,SWAC,0-0,84.2,108.2,0.0527,27-Apr,14-Apr,35.80%,30.20%
,,,,356,300,,,,,
355,South Carolina St.,MEAC,0-0,90.8,116.8,0.0523,21-May,13-Mar,22.20%,20.00%
,,,,349,357,,,,,
356,Mississippi Valley St.,SWAC,0-0,88.4,115.6,0.0439,26-Apr,15-Mar,24.70%,25.10%
,,,,355,356,,,,,
357,Dixie St.,WAC,0-0,78,112.3,0.0147,0-1,0-1,70.00%,70.00%
,,,,357,349,,,,,
