RK,TEAM,CONF,REC,ADJOE,ADJDE,BARTHAG,PROJ. REC,,RET MINS,RPMS,NC SOS
1,Florida,SEC,0-0,119.8,92.2,0.9534,24-5,14-4,46.00%,42.20%,24%
,,,,2,3,,,,,,
2,Michigan St.,B10,0-0,121,93.1,0.9533,23-6,15-5,65.60%,64.40%,19%
,,,,1,10,,,,,,
3,Kansas,B12,0-0,119.6,93.8,0.9425,22-7,13-5,55.20%,44.00%,20%
,,,,3,16,,,,,,
4,Louisville,ACC,0-0,117.2,93.9,0.9276,24-7,14-6,66.90%,71.60%,19%
,,,,6,19,,,,,,
5,North Carolina,ACC,0-0,115.9,93.6,0.9211,21-8,14-6,26.80%,20.60%,21%
,,,,11,14,,,,,,
6,Gonzaga,WCC,0-0,113.9,92.3,0.9185,24-5,13-3,27.00%,19.10%,18%
,,,,21,4,,,,,,
7,Purdue,B10,0-0,117.3,95.3,0.9156,21-9,13-7,53.10%,48.50%,24%
,,,,5,35,,,,,,
8,Maryland,B10,0-0,115.6,94.1,0.9144,20-9,8-Dec,83.30%,80.70%,17%
,,,,14,22,,,,,,
9,VCU,A10,0-0,113.6,92.9,0.9106,25-6,15-3,82.60%,85.90%,18%
,,,,23,9,,,,,,
10,Duke,ACC,0-0,112.8,92.4,0.9086,22-8,14-6,45.30%,30.20%,18%
,,,,32,5,,,,,,
11,Kentucky,SEC,0-0,112.7,92.4,0.907,22-9,6-Dec,36.80%,31.70%,21%
,,,,34,6,,,,,,
12,Missouri,SEC,0-0,115,94.4,0.9061,21-9,6-Dec,65.90%,64.10%,22%
,,,,15,26,,,,,,
13,Illinois,B10,0-0,117.1,96.2,0.9051,21-10,8-Dec,81.60%,85.00%,16%
,,,,7,49,,,,,,
14,Saint Mary's,WCC,0-0,114.7,94.3,0.9049,25-5,13-3,87.40%,87.40%,15%
,,,,16,25,,,,,,
15,Ohio St.,B10,0-0,113.9,94,0.9015,21-10,8-Dec,68.80%,66.80%,22%
,,,,22,20,,,,,,
16,Virginia,ACC,0-0,109.4,90.4,0.899,21-8,13-7,40.10%,34.60%,13%
,,,,73,1,,,,,,
17,Harvard,Ivy,0-0,116.6,96.4,0.8988,23-4,2-Dec,96.40%,96.70%,12%
,,,,9,52,,,,,,
18,Baylor,B12,0-0,117.9,97.6,0.8973,18-10,8-Oct,65.10%,58.60%,19%
,,,,4,73,,,,,,
19,Penn St.,B10,0-0,113.1,93.8,0.8955,20-10,8-Dec,70.30%,67.20%,14%
,,,,30,18,,,,,,
20,Villanova,BE,0-0,114.6,95.2,0.8937,20-9,7-Nov,53.00%,43.70%,21%
,,,,18,34,,,,,,
21,Notre Dame,ACC,0-0,115.8,96.5,0.8911,22-9,13-7,89.00%,85.90%,12%
,,,,12,53,,,,,,
22,Oregon,P12,0-0,111.9,93.3,0.8901,22-7,13-5,36.40%,35.20%,18%
,,,,45,12,,,,,,
23,Providence,BE,0-0,112.3,93.8,0.8879,20-9,7-Nov,74.60%,76.40%,19%
,,,,36,17,,,,,,
24,Texas Tech,B12,0-0,109.1,91.3,0.886,20-10,8-Oct,25.40%,21.10%,15%
,,,,78,2,,,,,,
25,Texas,B12,0-0,111.9,93.7,0.8859,19-11,8-Oct,55.30%,50.50%,21%
,,,,43,15,,,,,,
26,Wisconsin,B10,0-0,110.3,92.5,0.8832,18-12,9-Nov,69.70%,58.90%,21%
,,,,59,7,,,,,,
27,Arizona,P12,0-0,116.7,97.9,0.8823,21-8,6-Dec,37.20%,37.00%,19%
,,,,8,80,,,,,,
28,Oklahoma,B12,0-0,112.2,94.3,0.8808,19-11,8-Oct,41.50%,39.10%,21%
,,,,40,24,,,,,,
29,Seton Hall,BE,0-0,111.8,94.1,0.8794,18-10,7-Nov,84.90%,89.00%,27%
,,,,47,21,,,,,,
30,West Virginia,B12,0-0,113.6,95.8,0.8763,19-11,9-Sep,60.80%,53.60%,20%
,,,,25,41,,,,,,
31,Marquette,BE,0-0,114.6,96.8,0.8754,18-10,8-Oct,59.10%,64.30%,21%
,,,,17,59,,,,,,
32,Michigan,B10,0-0,110.4,93.2,0.8741,17-12,10-Oct,54.20%,47.30%,19%
,,,,58,11,,,,,,
33,Creighton,BE,0-0,113,96,0.8674,19-11,8-Oct,72.20%,71.50%,18%
,,,,31,44,,,,,,
34,Florida St.,ACC,0-0,109.9,93.4,0.8665,19-12,9-Nov,43.00%,40.40%,23%
,,,,63,13,,,,,,
35,Alabama,SEC,0-0,111.1,94.8,0.8621,18-11,8-Oct,52.00%,55.10%,25%
,,,,54,28,,,,,,
36,San Diego St.,MWC,0-0,111.4,95,0.8616,22-6,14-4,52.70%,40.90%,13%
,,,,51,32,,,,,,
37,Xavier,BE,0-0,113.6,97.5,0.8539,18-11,8-Oct,61.30%,70.10%,15%
,,,,24,70,,,,,,
38,Colorado,P12,0-0,110.6,94.9,0.8529,21-9,6-Dec,94.10%,95.20%,18%
,,,,57,30,,,,,,
39,Cincinnati,Amer,0-0,109.7,94.2,0.8515,19-9,6-Dec,52.20%,58.00%,21%
,,,,68,23,,,,,,
40,New Mexico St.,WAC,0-0,114,98,0.8513,23-5,14-2,75.50%,73.10%,17%
,,,,20,81,,,,,,
41,Kansas St.,B12,0-0,107.6,92.6,0.8486,18-12,10-Aug,53.80%,47.30%,17%
,,,,90,8,,,,,,
42,Memphis,Amer,0-0,112.6,96.9,0.8484,22-9,6-Dec,29.10%,28.50%,17%
,,,,35,61,,,,,,
43,Georgetown,BE,0-0,113.5,97.7,0.8483,19-11,9-Sep,64.50%,62.00%,17%
,,,,27,76,,,,,,
44,North Carolina St.,ACC,0-0,113.2,97.8,0.8434,20-11,9-Nov,71.60%,72.60%,14%
,,,,29,77,,,,,,
45,LSU,SEC,0-0,114.5,98.9,0.843,18-13,9-Sep,59.40%,52.20%,22%
,,,,19,97,,,,,,
46,Utah St.,MWC,0-0,111.5,96.6,0.8385,21-7,14-4,71.30%,70.70%,25%
,,,,50,55,,,,,,
47,Dayton,A10,0-0,112.1,97.3,0.8361,21-8,13-5,70.80%,69.40%,15%
,,,,41,66,,,,,,
48,Rutgers,B10,0-0,109.9,95.5,0.8353,18-13,11-Sep,71.40%,71.90%,10%
,,,,61,36,,,,,,
49,Georgia,SEC,0-0,113.6,98.6,0.8353,17-12,9-Sep,39.50%,41.60%,17%
,,,,26,93,,,,,,
50,Texas A&M;,SEC,0-0,109.9,95.6,0.8325,17-11,9-Sep,65.90%,73.80%,18%
,,,,62,38,,,,,,
RK,TEAM,CONF,REC,ADJOE,ADJDE,BARTHAG,PROJ. RECORD,,RET MINS,RPMS,NC SOS
51,Davidson,A10,0-0,111.8,97.3,0.8309,20-8,6-Dec,94.80%,94.40%,19%
,,,,48,67,,,,,,
52,Wichita St.,Amer,0-0,109.2,95.2,0.8295,20-10,7-Nov,55.50%,52.90%,15%
,,,,76,33,,,,,,
53,Oklahoma St.,B12,0-0,112.3,97.9,0.8294,16-14,10-Aug,76.20%,74.50%,19%
,,,,37,79,,,,,,
54,Iowa,B10,0-0,116.5,101.6,0.8283,16-14,11-Sep,60.80%,56.20%,20%
,,,,10,148,,,,,,
55,Miami FL,ACC,0-0,111.7,97.5,0.8268,16-12,10-Oct,50.20%,47.20%,18%
,,,,49,71,,,,,,
56,Indiana,B10,0-0,109.3,95.6,0.8244,17-14,11-Sep,58.80%,53.50%,14%
,,,,74,37,,,,,,
57,Arizona St.,P12,0-0,112.1,98,0.8235,19-11,7-Nov,62.60%,56.40%,20%
,,,,42,83,,,,,,
58,Mississippi,SEC,0-0,111.9,98,0.8209,18-12,10-Aug,57.20%,56.70%,17%
,,,,46,82,,,,,,
59,Washington,P12,0-0,112.2,98.4,0.8188,19-10,7-Nov,27.40%,21.80%,15%
,,,,39,89,,,,,,
60,Butler,BE,0-0,109.6,96.2,0.8186,16-14,10-Aug,68.40%,65.90%,25%
,,,,69,47,,,,,,
61,Connecticut,Amer,0-0,111.9,98.2,0.8185,19-10,7-Nov,67.60%,63.40%,17%
,,,,44,86,,,,,,
62,Iowa St.,B12,0-0,112.7,98.9,0.8178,16-13,11-Jul,37.40%,28.70%,18%
,,,,33,98,,,,,,
63,Georgia Tech,ACC,0-0,109.7,96.3,0.8175,16-13,10-Oct,73.90%,73.30%,20%
,,,,66,50,,,,,,
64,Penn,Ivy,0-0,109.5,96.3,0.8143,18-7,4-Oct,59.00%,65.80%,22%
,,,,70,51,,,,,,
65,Mississippi St.,SEC,0-0,109.4,96.2,0.8136,17-12,9-Sep,57.60%,47.30%,16%
,,,,72,48,,,,,,
66,Houston,Amer,0-0,106.6,94.6,0.7987,19-11,8-Oct,46.40%,43.30%,15%
,,,,104,27,,,,,,
67,Western Kentucky,CUSA,0-0,112.2,99.6,0.7982,18-6,3-Nov,66.80%,69.80%,19%
,,,,38,109,,,,,,
68,Liberty,ASun,0-0,111.2,98.8,0.7952,24-4,14-2,75.90%,75.50%,12%
,,,,53,96,,,,,,
69,Pittsburgh,ACC,0-0,109.8,97.6,0.7949,17-13,11-Sep,60.40%,65.20%,11%
,,,,65,72,,,,,,
70,Rhode Island,A10,0-0,107.5,96.1,0.7842,19-11,6-Dec,80.40%,85.80%,26%
,,,,91,46,,,,,,
71,Northern Iowa,MVC,0-0,107.9,96.7,0.7795,22-7,13-5,83.40%,83.10%,14%
,,,,86,57,,,,,,
72,BYU,WCC,0-0,111.4,99.9,0.7768,19-10,6-Oct,60.10%,69.70%,17%
,,,,52,115,,,,,,
73,Arkansas,SEC,0-0,109.5,98.2,0.7764,17-14,10-Aug,62.90%,61.40%,16%
,,,,71,87,,,,,,
74,Auburn,SEC,0-0,108.3,97.2,0.7748,16-14,10-Aug,37.30%,33.20%,14%
,,,,83,65,,,,,,
75,Oregon St.,P12,0-0,110.6,99.5,0.7716,18-12,9-Sep,71.40%,71.10%,14%
,,,,56,108,,,,,,
76,New Mexico,MWC,0-0,115.6,104,0.7711,22-8,6-Dec,64.80%,69.40%,13%
,,,,13,195,,,,,,
77,USC,P12,0-0,111.1,100.2,0.7646,18-11,9-Sep,40.80%,40.10%,11%
,,,,55,118,,,,,,
78,East Tennessee St.,SC,0-0,109,98.5,0.7627,23-7,14-4,79.70%,78.90%,15%
,,,,79,90,,,,,,
79,South Florida,Amer,0-0,106.7,96.7,0.7559,18-11,8-Oct,90.40%,93.20%,13%
,,,,101,58,,,,,,
80,UTSA,CUSA,0-0,109.8,99.8,0.7497,20-7,4-Oct,72.70%,73.90%,14%
,,,,64,113,,,,,,
81,Wake Forest,ACC,0-0,109.2,99.3,0.7477,13-15,12-Aug,78.20%,76.50%,20%
,,,,77,105,,,,,,
82,Tennessee,SEC,0-0,105.3,95.9,0.7443,15-15,11-Jul,40.60%,31.10%,23%
,,,,124,43,,,,,,
83,Syracuse,ACC,0-0,105.9,96.6,0.7423,16-14,12-Aug,44.90%,41.10%,14%
,,,,117,56,,,,,,
84,Temple,Amer,0-0,106.8,97.8,0.7329,16-13,9-Sep,72.10%,67.70%,25%
,,,,100,78,,,,,,
85,UC Irvine,BW,0-0,107.8,98.8,0.7327,23-8,13-3,50.80%,50.90%,19%
,,,,87,95,,,,,,
86,Boise St.,MWC,0-0,110.2,101.1,0.7303,18-10,7-Nov,70.30%,69.20%,18%
,,,,60,137,,,,,,
87,Minnesota,B10,0-0,106.8,98.1,0.7259,13-17,14-Jun,32.80%,29.00%,18%
,,,,99,85,,,,,,
88,Loyola Chicago,MVC,0-0,104.1,95.9,0.7209,20-9,6-Dec,61.00%,53.00%,11%
,,,,149,42,,,,,,
89,UCLA,P12,0-0,108,99.5,0.7193,16-13,10-Aug,58.70%,48.20%,16%
,,,,85,107,,,,,,
90,Vermont,AE,0-0,106,97.7,0.7192,23-7,14-2,75.70%,77.90%,18%
,,,,115,74,,,,,,
91,Richmond,A10,0-0,113.3,104.6,0.7143,18-12,8-Oct,85.30%,89.20%,15%
,,,,28,207,,,,,,
92,Tulsa,Amer,0-0,106.1,98.1,0.7122,18-13,9-Sep,51.90%,48.70%,14%
,,,,114,84,,,,,,
93,St. John's,BE,0-0,106.3,98.7,0.7016,14-16,12-Jun,36.20%,38.40%,13%
,,,,110,94,,,,,,
94,St. Bonaventure,A10,0-0,102.8,95.8,0.6933,20-10,7-Nov,52.00%,45.50%,10%
,,,,167,40,,,,,,
95,Nebraska,B10,0-0,106.5,99.4,0.6879,17-Dec,14-Jun,4.10%,2.80%,14%
,,,,105,106,,,,,,
96,Princeton,Ivy,0-0,104.6,97.7,0.6864,17-10,6-Aug,75.30%,68.00%,14%
,,,,140,75,,,,,,
97,TCU,B12,0-0,104.1,97.4,0.6841,13-17,13-May,38.90%,33.60%,11%
,,,,148,68,,,,,,
98,Belmont,OVC,0-0,107.3,100.4,0.6822,23-8,15-3,66.80%,58.70%,15%
,,,,93,122,,,,,,
99,San Francisco,WCC,0-0,107.1,100.3,0.6816,18-13,8-Aug,61.50%,57.10%,12%
,,,,95,119,,,,,,
100,South Carolina,SEC,0-0,103,96.5,0.6787,14-16,12-Jun,54.30%,47.30%,14%
,,,,166,54,,,,,,
RK,TEAM,CONF,REC,ADJOE,ADJDE,BARTHAG,PROJ. RECORD,,RET MINS,RPMS,NC SOS
101,Wright St.,Horz,0-0,105.8,99.3,0.6757,21-8,13-5,58.70%,62.60%,8%
,,,,119,103,,,,,,
102,Duquesne,A10,0-0,108.3,101.7,0.6737,19-11,8-Oct,77.10%,75.70%,9%
,,,,82,150,,,,,,
103,Loyola Marymount,WCC,0-0,106.4,100,0.6706,18-12,8-Aug,58.50%,53.40%,11%
,,,,107,116,,,,,,
104,Illinois Chicago,Horz,0-0,105.2,99,0.6686,21-9,13-5,99.40%,99.30%,15%
,,,,125,99,,,,,,
105,Bradley,MVC,0-0,105.2,99.1,0.6673,20-10,7-Nov,60.40%,67.60%,12%
,,,,127,100,,,,,,
106,Ball St.,MAC,0-0,104.3,98.3,0.6647,19-10,6-Dec,68.80%,60.90%,15%
,,,,146,88,,,,,,
107,Missouri St.,MVC,0-0,107,101,0.6603,18-11,7-Nov,48.40%,48.90%,22%
,,,,97,136,,,,,,
108,UT Arlington,SB,0-0,105,99.3,0.6547,21-10,15-5,71.80%,69.40%,22%
,,,,133,104,,,,,,
109,Northwestern,B10,0-0,100.1,94.8,0.6497,18-Nov,15-May,44.80%,41.50%,12%
,,,,227,29,,,,,,
110,Stanford,P12,0-0,102.4,97.1,0.6482,16-14,11-Jul,55.50%,52.50%,12%
,,,,177,64,,,,,,
111,Santa Clara,WCC,0-0,106.2,100.8,0.6464,19-11,8-Aug,78.30%,85.00%,5%
,,,,113,131,,,,,,
112,UNC Greensboro,SC,0-0,102.1,97.1,0.6403,22-10,6-Dec,64.00%,57.50%,16%
,,,,184,63,,,,,,
113,Akron,MAC,0-0,100.7,96.1,0.6337,21-9,7-Nov,62.10%,61.60%,13%
,,,,212,45,,,,,,
114,Florida Atlantic,CUSA,0-0,105.2,100.5,0.63,17-9,6-Aug,63.20%,53.40%,15%
,,,,128,124,,,,,,
115,SMU,Amer,0-0,104.1,99.7,0.6211,16-14,11-Jul,49.50%,48.60%,12%
,,,,151,110,,,,,,
116,Miami OH,MAC,0-0,105,100.6,0.621,19-10,7-Nov,63.50%,66.80%,12%
,,,,134,126,,,,,,
117,North Texas,CUSA,0-0,102.7,98.5,0.6169,15-11,6-Aug,60.20%,53.40%,21%
,,,,171,91,,,,,,
118,Vanderbilt,SEC,0-0,104,99.9,0.6149,13-18,13-May,52.00%,50.60%,10%
,,,,155,114,,,,,,
119,College of Charleston,CAA,0-0,106,101.8,0.6144,19-9,13-5,63.90%,61.20%,16%
,,,,116,151,,,,,,
120,Louisiana Tech,CUSA,0-0,105.4,101.3,0.6121,16-10,6-Aug,73.60%,72.30%,16%
,,,,123,142,,,,,,
121,Bowling Green,MAC,0-0,106.7,102.6,0.6099,18-10,7-Nov,68.00%,68.50%,10%
,,,,103,169,,,,,,
122,Boston College,ACC,0-0,104.5,100.5,0.6098,13-18,14-Jun,55.80%,47.10%,12%
,,,,143,125,,,,,,
123,Columbia,Ivy,0-0,109.2,105.1,0.609,16-13,7-Jul,77.50%,76.10%,16%
,,,,75,218,,,,,,
124,Pepperdine,WCC,0-0,109.7,105.8,0.6029,15-13,9-Jul,75.20%,77.80%,13%
,,,,67,231,,,,,,
125,Clemson,ACC,0-0,99.2,95.7,0.6026,17-Dec,14-Jun,36.30%,28.70%,9%
,,,,253,39,,,,,,
126,UAB,CUSA,0-0,105.9,102.1,0.6021,16-10,6-Aug,71.10%,69.00%,15%
,,,,118,159,,,,,,
127,Colgate,Pat,0-0,108.5,104.8,0.5988,20-11,6-Dec,71.80%,78.80%,16%
,,,,81,211,,,,,,
128,NJIT,ASun,0-0,105.1,101.5,0.5977,19-10,4-Dec,89.30%,90.10%,20%
,,,,131,146,,,,,,
129,UCF,Amer,0-0,100.1,96.8,0.5945,13-15,11-Jul,22.10%,22.70%,15%
,,,,226,60,,,,,,
130,Grand Canyon,WAC,0-0,104.1,100.9,0.5869,18-10,6-Oct,37.40%,44.30%,17%
,,,,152,134,,,,,,
131,California,P12,0-0,104.4,101.3,0.5855,18-Dec,12-Jun,57.00%,56.30%,19%
,,,,145,141,,,,,,
132,Kent St.,MAC,0-0,106.3,103.2,0.5854,18-12,8-Oct,55.10%,52.50%,16%
,,,,109,179,,,,,,
133,Georgia Southern,SB,0-0,102.8,99.8,0.5839,20-11,13-7,68.20%,63.00%,15%
,,,,169,112,,,,,,
134,Furman,SC,0-0,99.8,96.9,0.5815,19-12,7-Nov,73.50%,70.30%,16%
,,,,234,62,,,,,,
135,Indiana St.,MVC,0-0,106.4,103.4,0.5802,15-14,8-Oct,72.50%,72.90%,21%
,,,,106,184,,,,,,
136,Seattle,WAC,0-0,102.5,99.7,0.5772,19-11,6-Oct,89.70%,90.80%,17%
,,,,173,111,,,,,,
137,Air Force,MWC,0-0,105.6,102.8,0.5748,17-13,9-Sep,88.20%,88.80%,10%
,,,,121,173,,,,,,
138,South Dakota,Sum,0-0,104,101.4,0.574,22-9,4-Dec,79.70%,79.10%,10%
,,,,153,143,,,,,,
139,DePaul,BE,0-0,104.9,102.3,0.5727,19-Dec,14-Apr,57.10%,47.40%,14%
,,,,135,162,,,,,,
140,Brown,Ivy,0-0,103.7,101.1,0.5708,15-12,7-Jul,65.10%,61.80%,13%
,,,,159,138,,,,,,
141,Radford,BSth,0-0,105.8,103.2,0.5703,20-10,15-3,64.50%,66.30%,20%
,,,,120,180,,,,,,
142,Towson,CAA,0-0,106.7,104.2,0.5667,18-10,13-5,82.20%,84.20%,22%
,,,,102,198,,,,,,
143,North Dakota St.,Sum,0-0,107.1,104.7,0.5662,21-9,5-Nov,87.90%,82.60%,14%
,,,,96,208,,,,,,
144,North Florida,ASun,0-0,108,105.6,0.5659,18-12,5-Nov,80.50%,78.80%,27%
,,,,84,227,,,,,,
145,Saint Louis,A10,0-0,100.8,98.6,0.5631,17-14,10-Aug,45.20%,42.90%,13%
,,,,210,92,,,,,,
146,South Alabama,SB,0-0,107.7,105.4,0.5622,20-9,13-7,57.70%,62.90%,9%
,,,,88,224,,,,,,
147,UTEP,CUSA,0-0,104.9,102.7,0.5583,13-11,7-Jul,63.80%,64.40%,16%
,,,,136,172,,,,,,
148,George Mason,A10,0-0,104.3,102.2,0.5575,15-14,10-Aug,68.00%,59.00%,13%
,,,,147,161,,,,,,
149,Loyola MD,Pat,0-0,106.2,104.4,0.5511,19-11,6-Dec,89.00%,92.50%,16%
,,,,112,201,,,,,,
150,Virginia Tech,ACC,0-0,100.8,99.1,0.5488,17-Dec,15-May,24.90%,17.40%,9%
,,,,209,101,,,,,,
RK,TEAM,CONF,REC,ADJOE,ADJDE,BARTHAG,PROJ. RECORD,,RET MINS,RPMS,NC SOS
151,Albany,AE,0-0,107.2,105.5,0.5457,21-10,4-Dec,78.30%,82.30%,10%
,,,,94,226,,,,,,
152,Northeastern,CAA,0-0,104.1,102.5,0.5439,18-10,6-Dec,48.90%,47.20%,12%
,,,,150,166,,,,,,
153,Nevada,MWC,0-0,102,100.6,0.5408,13-15,9-Sep,15.70%,12.20%,21%
,,,,187,127,,,,,,
154,Middle Tennessee,CUSA,0-0,101.7,100.3,0.5393,13-12,7-Jul,67.10%,68.90%,16%
,,,,193,120,,,,,,
155,Fresno St.,MWC,0-0,98.7,97.4,0.5382,13-14,10-Aug,51.10%,46.80%,19%
,,,,262,69,,,,,,
156,Green Bay,Horz,0-0,104.5,103.1,0.5373,17-14,7-Nov,80.30%,75.20%,23%
,,,,142,178,,,,,,
157,Samford,SC,0-0,106.3,105.2,0.5295,19-13,8-Oct,71.50%,74.20%,14%
,,,,108,221,,,,,,
158,UNLV,MWC,0-0,104.4,103.4,0.5273,15-16,10-Aug,43.30%,38.40%,15%
,,,,144,183,,,,,,
159,Boston University,Pat,0-0,106.9,105.9,0.5273,18-12,7-Nov,79.10%,75.90%,15%
,,,,98,233,,,,,,
160,Coastal Carolina,SB,0-0,103.9,103,0.525,19-10,8-Dec,55.60%,51.60%,3%
,,,,156,176,,,,,,
161,East Carolina,Amer,0-0,105.1,104.2,0.5245,14-15,12-Jun,15.20%,21.30%,6%
,,,,132,197,,,,,,
162,Utah,P12,0-0,104.6,103.7,0.5245,18-Oct,13-May,33.50%,33.40%,17%
,,,,141,189,,,,,,
163,Northern Kentucky,Horz,0-0,102.4,101.5,0.5244,17-13,7-Nov,67.60%,62.20%,18%
,,,,179,145,,,,,,
164,Iona,MAAC,0-0,107.3,106.8,0.5136,17-10,14-6,70.50%,69.10%,22%
,,,,92,253,,,,,,
165,Texas St.,SB,0-0,99.4,99.2,0.506,18-12,8-Dec,51.80%,52.40%,17%
,,,,245,102,,,,,,
166,Old Dominion,CUSA,0-0,95.1,95,0.5048,13-Dec,7-Jul,56.60%,43.60%,22%
,,,,306,31,,,,,,
167,La Salle,A10,0-0,102.1,102,0.5025,14-14,10-Aug,64.10%,57.00%,16%
,,,,186,155,,,,,,
168,George Washington,A10,0-0,101.9,102.1,0.4958,13-16,11-Jul,70.50%,62.30%,13%
,,,,189,158,,,,,,
169,Wofford,SC,0-0,101.9,102.2,0.4915,17-14,8-Oct,53.70%,44.70%,24%
,,,,190,160,,,,,,
170,Drake,MVC,0-0,101.9,102.5,0.4832,15-14,10-Aug,65.10%,64.00%,14%
,,,,191,165,,,,,,
171,Northern Illinois,MAC,0-0,104,104.7,0.4814,17-15,9-Sep,61.30%,56.30%,15%
,,,,154,209,,,,,,
172,Murray St.,OVC,0-0,101.4,102,0.4806,18-10,6-Dec,47.20%,41.40%,10%
,,,,200,157,,,,,,
173,Cal St. Bakersfield,WAC,0-0,101,101.8,0.4762,18-13,7-Sep,38.30%,37.50%,18%
,,,,205,152,,,,,,
174,American,Pat,0-0,105.2,106.2,0.4739,16-13,8-Oct,65.80%,72.10%,14%
,,,,126,240,,,,,,
175,Buffalo,MAC,0-0,99.7,100.7,0.4729,14-15,10-Aug,36.40%,32.50%,14%
,,,,236,128,,,,,,
176,Toledo,MAC,0-0,99.5,100.4,0.4729,16-15,9-Sep,58.20%,54.40%,13%
,,,,244,123,,,,,,
177,Rider,MAAC,0-0,103.9,105,0.4703,17-12,13-7,63.60%,67.10%,20%
,,,,157,215,,,,,,
178,Charleston Southern,BSth,0-0,101.7,103,0.4625,19-10,13-5,73.10%,65.90%,22%
,,,,194,175,,,,,,
179,San Diego,WCC,0-0,99.5,101,0.4579,18-Dec,11-May,34.60%,28.60%,16%
,,,,243,135,,,,,,
180,Oral Roberts,Sum,0-0,108.9,110.6,0.4561,17-12,6-Oct,75.00%,73.90%,23%
,,,,80,320,,,,,,
181,Western Carolina,SC,0-0,104.6,106.3,0.4556,16-13,9-Sep,82.80%,87.20%,17%
,,,,139,242,,,,,,
182,Monmouth,MAAC,0-0,98.8,100.8,0.4442,17-14,8-Dec,76.20%,76.60%,22%
,,,,260,130,,,,,,
183,Washington St.,P12,0-0,103,105.1,0.4439,18-Nov,14-Apr,49.10%,48.00%,9%
,,,,165,217,,,,,,
184,Ohio,MAC,0-0,100.2,102.3,0.4409,14-15,10-Aug,30.00%,24.40%,19%
,,,,223,163,,,,,,
185,Southern Utah,BSky,0-0,99.8,101.9,0.4381,19-11,13-7,67.20%,66.00%,16%
,,,,235,154,,,,,,
186,Valparaiso,MVC,0-0,100.4,102.6,0.4375,13-16,11-Jul,46.20%,38.90%,10%
,,,,219,171,,,,,,
187,FIU,CUSA,0-0,103.5,105.8,0.4363,14-13,8-Jun,61.10%,55.80%,12%
,,,,161,232,,,,,,
188,Manhattan,MAAC,0-0,100.1,102.4,0.4357,17-12,8-Dec,83.50%,85.50%,12%
,,,,225,164,,,,,,
189,Dartmouth,Ivy,0-0,103.9,106.3,0.4335,13-16,9-May,68.10%,68.00%,10%
,,,,158,243,,,,,,
190,UC Santa Barbara,BW,0-0,103.6,106.1,0.4324,18-13,7-Sep,70.40%,71.20%,11%
,,,,160,237,,,,,,
191,Sam Houston St.,Slnd,0-0,102.2,104.9,0.4261,20-11,14-6,44.70%,47.90%,12%
,,,,181,213,,,,,,
192,Evansville,MVC,0-0,99,101.9,0.4193,17-Dec,11-Jul,67.90%,64.60%,13%
,,,,255,153,,,,,,
193,Weber St.,BSky,0-0,101.5,104.4,0.4188,18-11,13-7,69.10%,69.90%,15%
,,,,197,202,,,,,,
194,Yale,Ivy,0-0,102.5,105.4,0.4182,18-Nov,9-May,44.80%,40.60%,21%
,,,,175,225,,,,,,
195,Fordham,A10,0-0,97.5,100.3,0.4171,13-15,12-Jun,65.00%,64.10%,3%
,,,,283,121,,,,,,
196,Georgia St.,SB,0-0,101,104,0.4154,15-15,10-Oct,33.30%,31.10%,19%
,,,,206,194,,,,,,
197,Little Rock,SB,0-0,98.2,101.2,0.4143,16-15,9-Nov,70.00%,62.40%,18%
,,,,271,140,,,,,,
198,Cal St. Fullerton,BW,0-0,98.2,101.2,0.4141,16-15,7-Sep,51.90%,44.50%,14%
,,,,272,139,,,,,,
199,Hawaii,BW,0-0,99.8,102.9,0.4124,16-12,7-Sep,57.20%,59.80%,14%
,,,,233,174,,,,,,
200,UMBC,AE,0-0,98.3,101.4,0.4107,18-12,6-Oct,77.30%,71.40%,13%
,,,,267,144,,,,,,
RK,TEAM,CONF,REC,ADJOE,ADJDE,BARTHAG,PROJ. RECORD,,RET MINS,RPMS,NC SOS
201,LIU Brooklyn,NEC,0-0,102.5,106,0.4041,17-13,6-Dec,75.10%,81.20%,19%
,,,,174,235,,,,,,
202,Northern Colorado,BSky,0-0,96.8,100.2,0.4038,18-12,13-7,72.30%,59.20%,20%
,,,,288,117,,,,,,
203,Detroit,Horz,0-0,107.7,111.5,0.4013,13-18,9-Sep,43.40%,44.60%,23%
,,,,89,329,,,,,,
204,Bucknell,Pat,0-0,98.1,101.6,0.4008,13-17,9-Sep,64.90%,59.60%,17%
,,,,274,147,,,,,,
205,Eastern Illinois,OVC,0-0,102.6,106.4,0.3984,17-13,7-Nov,75.40%,77.10%,16%
,,,,172,245,,,,,,
206,Army,Pat,0-0,98.3,102,0.3963,15-14,9-Sep,66.50%,70.70%,11%
,,,,265,156,,,,,,
207,Milwaukee,Horz,0-0,100.5,104.3,0.3956,14-14,9-Sep,58.80%,61.60%,18%
,,,,215,200,,,,,,
208,Rice,CUSA,0-0,103.1,107,0.3952,14-Nov,9-May,75.10%,76.30%,10%
,,,,164,256,,,,,,
209,Cal Baptist,WAC,0-0,105.1,109.2,0.3938,18-12,8-Aug,64.20%,60.30%,10%
,,,,130,295,,,,,,
210,Stony Brook,AE,0-0,97.1,100.9,0.392,17-14,6-Oct,61.10%,55.80%,18%
,,,,285,133,,,,,,
211,Gardner Webb,BSth,0-0,99.4,103.3,0.3897,17-12,6-Dec,68.20%,59.10%,20%
,,,,250,182,,,,,,
212,Eastern Washington,BSky,0-0,102.5,106.6,0.3884,18-13,13-7,62.40%,62.10%,19%
,,,,176,249,,,,,,
213,Fairfield,MAAC,0-0,99,103.1,0.3861,16-13,9-Nov,58.40%,54.30%,15%
,,,,257,177,,,,,,
214,Youngstown St.,Horz,0-0,105.5,110,0.3824,16-15,10-Aug,81.90%,82.20%,13%
,,,,122,309,,,,,,
215,Jackson St.,SWAC,0-0,100.2,104.5,0.382,18-12,14-4,48.10%,43.20%,21%
,,,,222,205,,,,,,
216,Longwood,BSth,0-0,105.2,109.7,0.3813,20-11,6-Dec,66.10%,66.00%,7%
,,,,129,304,,,,,,
217,Marshall,CUSA,0-0,100.9,105.3,0.3783,16-Nov,9-May,53.70%,42.10%,20%
,,,,208,222,,,,,,
218,Cal St. Northridge,BW,0-0,104.7,109.5,0.3747,15-17,8-Aug,85.90%,91.00%,18%
,,,,138,301,,,,,,
219,James Madison,CAA,0-0,101.4,106,0.3745,15-14,8-Oct,69.40%,68.00%,14%
,,,,199,236,,,,,,
220,Tennessee St.,OVC,0-0,100.8,105.3,0.3745,17-13,8-Oct,32.60%,29.10%,15%
,,,,211,223,,,,,,
221,North Dakota,Sum,0-0,99.4,103.9,0.373,15-15,7-Sep,75.30%,66.20%,17%
,,,,251,193,,,,,,
222,Central Michigan,MAC,0-0,102.8,107.5,0.3729,14-17,11-Jul,65.80%,55.10%,17%
,,,,170,265,,,,,,
223,Colorado St.,MWC,0-0,102,106.7,0.3725,17-Dec,12-Jun,58.80%,56.00%,17%
,,,,188,251,,,,,,
224,UMKC,WAC,0-0,101.9,106.8,0.3681,14-15,9-Jul,50.20%,48.80%,19%
,,,,192,252,,,,,,
225,Lafayette,Pat,0-0,104.8,109.9,0.3674,14-15,10-Aug,89.20%,84.00%,13%
,,,,137,308,,,,,,
226,Southern Miss,CUSA,0-0,100,105,0.3626,15-Oct,9-May,38.80%,34.70%,20%
,,,,228,216,,,,,,
227,Robert Morris,NEC,0-0,96,100.9,0.3623,16-15,7-Nov,66.40%,63.20%,19%
,,,,296,132,,,,,,
228,Navy,Pat,0-0,98.8,103.8,0.3605,14-15,10-Aug,55.50%,50.00%,16%
,,,,261,191,,,,,,
229,Grambling St.,SWAC,0-0,99.4,104.6,0.3577,20-11,13-5,67.50%,70.50%,17%
,,,,249,206,,,,,,
230,Chattanooga,SC,0-0,102.4,107.8,0.3572,14-16,10-Aug,59.90%,42.40%,12%
,,,,178,271,,,,,,
231,Mount St. Mary's,NEC,0-0,99.5,104.7,0.3569,16-15,7-Nov,96.00%,96.00%,19%
,,,,241,210,,,,,,
232,Tulane,Amer,0-0,102.2,107.5,0.3567,18-Sep,14-Apr,20.00%,12.60%,9%
,,,,182,266,,,,,,
233,Illinois St.,MVC,0-0,98.1,103.2,0.3562,18-Oct,12-Jun,29.30%,23.80%,16%
,,,,275,181,,,,,,
234,Appalachian St.,SB,0-0,101.6,107,0.3552,14-17,11-Sep,65.30%,60.50%,18%
,,,,195,255,,,,,,
235,Mercer,SC,0-0,101.1,106.7,0.3515,14-16,10-Aug,55.20%,58.10%,12%
,,,,203,250,,,,,,
236,Portland,WCC,0-0,102.2,107.9,0.3507,17-Dec,12-Apr,52.50%,49.40%,9%
,,,,180,273,,,,,,
237,New Orleans,Slnd,0-0,98.2,103.8,0.3466,17-12,13-7,75.50%,72.20%,27%
,,,,270,190,,,,,,
238,Pacific,WCC,0-0,99.5,105.2,0.3455,14-18,12-Apr,31.40%,29.90%,7%
,,,,242,219,,,,,,
239,St. Francis PA,NEC,0-0,103.4,109.4,0.3446,16-13,7-Nov,64.30%,62.30%,18%
,,,,162,299,,,,,,
240,UC Davis,BW,0-0,95,100.7,0.336,15-17,8-Aug,49.60%,43.20%,13%
,,,,309,129,,,,,,
241,UNC Asheville,BSth,0-0,102.1,108.4,0.3345,17-12,7-Nov,85.40%,87.30%,11%
,,,,185,281,,,,,,
242,Texas A&M; Corpus Chris,Slnd,0-0,97.8,103.9,0.3332,17-14,8-Dec,61.10%,56.30%,16%
,,,,279,192,,,,,,
243,Southern Illinois,MVC,0-0,96.5,102.5,0.3312,19-Dec,13-May,32.50%,31.20%,13%
,,,,292,167,,,,,,
244,Western Michigan,MAC,0-0,98.9,105.2,0.3304,18-Dec,12-Jun,66.00%,60.00%,18%
,,,,258,220,,,,,,
245,Sacred Heart,NEC,0-0,100.4,107.2,0.3199,16-15,8-Oct,84.80%,79.50%,14%
,,,,220,260,,,,,,
246,Northern Arizona,BSky,0-0,101.5,108.7,0.3141,16-13,9-Nov,74.20%,67.10%,13%
,,,,196,286,,,,,,
247,Sacramento St.,BSky,0-0,98.5,105.6,0.3099,15-14,9-Nov,77.00%,70.20%,14%
,,,,263,228,,,,,,
248,Hofstra,CAA,0-0,101.5,108.9,0.3075,13-17,10-Aug,60.90%,57.30%,13%
,,,,198,290,,,,,,
249,UC Riverside,BW,0-0,100.9,108.3,0.3073,16-16,9-Jul,71.60%,66.30%,8%
,,,,207,279,,,,,,
250,IUPUI,Horz,0-0,99.4,106.9,0.3022,19-Dec,11-Jul,37.80%,33.00%,18%
,,,,247,254,,,,,,
RK,TEAM,CONF,REC,ADJOE,ADJDE,BARTHAG,PROJ. RECORD,,RET MINS,RPMS,NC SOS
251,UT Rio Grande Valley,WAC,0-0,95.4,102.6,0.3009,14-16,10-Jun,61.20%,60.20%,16%
,,,,304,170,,,,,,
252,Western Illinois,Sum,0-0,98.4,105.9,0.299,13-13,9-Jul,70.80%,65.30%,12%
,,,,264,234,,,,,,
253,Saint Peter's,MAAC,0-0,95.2,102.6,0.2975,15-16,11-Sep,58.10%,50.40%,15%
,,,,305,168,,,,,,
254,Siena,MAAC,0-0,100.5,108.4,0.2955,17-Dec,11-Sep,48.70%,47.10%,20%
,,,,216,282,,,,,,
255,Tennessee Martin,OVC,0-0,102.8,110.9,0.2941,16-Dec,9-Sep,39.10%,33.80%,19%
,,,,168,323,,,,,,
256,South Carolina St.,MEAC,0-0,106.3,114.7,0.2935,17-11,5-Nov,67.50%,67.80%,17%
,,,,111,353,,,,,,
257,St. Francis NY,NEC,0-0,98.3,106.2,0.293,15-15,9-Sep,55.40%,54.30%,10%
,,,,266,239,,,,,,
258,Southeast Missouri St.,OVC,0-0,101.1,109.2,0.2925,15-16,9-Sep,54.10%,53.10%,13%
,,,,202,296,,,,,,
259,Quinnipiac,MAAC,0-0,102.2,110.4,0.2915,13-16,11-Sep,55.70%,52.00%,11%
,,,,183,315,,,,,,
260,Houston Baptist,Slnd,0-0,103.2,111.9,0.2826,13-16,8-Dec,56.20%,55.70%,35%
,,,,163,332,,,,,,
261,Wyoming,MWC,0-0,95.4,103.5,0.2816,19-Oct,14-Apr,71.90%,49.80%,10%
,,,,303,186,,,,,,
262,Louisiana Lafayette,SB,0-0,98.1,106.4,0.2816,19-Dec,12-Aug,34.50%,25.50%,14%
,,,,273,246,,,,,,
263,Charlotte,CUSA,0-0,99.5,108.2,0.2776,17-Aug,10-Apr,53.50%,45.00%,10%
,,,,240,277,,,,,,
264,Tennessee Tech,OVC,0-0,95.8,104.3,0.2755,14-17,10-Aug,50.60%,49.20%,13%
,,,,298,199,,,,,,
265,Oakland,Horz,0-0,97.9,106.5,0.2741,20-Nov,12-Jun,38.20%,44.30%,22%
,,,,278,247,,,,,,
266,North Alabama,ASun,0-0,96.3,104.8,0.2738,13-16,9-Jul,67.90%,62.90%,16%
,,,,295,212,,,,,,
267,Saint Joseph's,A10,0-0,97.8,106.5,0.2713,23-Jun,15-Mar,30.20%,23.20%,28%
,,,,280,248,,,,,,
268,Nebraska Omaha,Sum,0-0,100,109.1,0.2691,13-17,9-Jul,61.20%,57.80%,20%
,,,,229,293,,,,,,
269,Kennesaw St.,ASun,0-0,99.9,109,0.2674,19-Nov,9-Jul,69.60%,73.70%,18%
,,,,231,292,,,,,,
270,Eastern Michigan,MAC,0-0,94.8,103.5,0.2672,19-Dec,13-May,32.50%,24.40%,15%
,,,,310,185,,,,,,
271,Delaware,CAA,0-0,100.2,109.4,0.2656,13-18,10-Aug,40.50%,38.70%,11%
,,,,224,300,,,,,,
272,Morgan St.,MEAC,0-0,100,109.3,0.2649,16-13,5-Nov,70.30%,75.10%,17%
,,,,230,297,,,,,,
273,Fairleigh Dickinson,NEC,0-0,99.7,109,0.2636,17-Dec,9-Sep,65.10%,61.50%,21%
,,,,238,291,,,,,,
274,Merrimack,NEC,0-0,99.2,108.5,0.2626,14-17,9-Sep,70.00%,70.00%,14%
,,,,254,283,,,,,,
275,Drexel,CAA,0-0,101.1,110.7,0.2612,13-17,11-Jul,62.00%,47.80%,14%
,,,,204,321,,,,,,
276,UNC Wilmington,CAA,0-0,101.3,111,0.2599,14-17,11-Jul,48.10%,43.80%,15%
,,,,201,324,,,,,,
277,Lehigh,Pat,0-0,98.9,108.3,0.2589,20-Oct,12-Jun,49.00%,43.00%,20%
,,,,259,280,,,,,,
278,Nicholls St.,Slnd,0-0,100.7,110.5,0.2541,16-15,9-Nov,56.30%,47.70%,25%
,,,,213,319,,,,,,
279,Portland St.,BSky,0-0,100.3,110.3,0.2528,14-18,10-Oct,43.20%,43.80%,16%
,,,,221,313,,,,,,
280,Morehead St.,OVC,0-0,98.2,108.2,0.247,14-17,10-Aug,56.70%,51.70%,13%
,,,,269,278,,,,,,
281,Central Arkansas,Slnd,0-0,99.6,109.8,0.2457,13-17,9-Nov,65.20%,67.00%,36%
,,,,239,305,,,,,,
282,Eastern Kentucky,OVC,0-0,97,107,0.2425,13-18,10-Aug,67.20%,59.40%,18%
,,,,287,257,,,,,,
283,Lipscomb,ASun,0-0,93.7,103.6,0.2405,18-Nov,10-Jun,35.70%,28.40%,19%
,,,,321,187,,,,,,
284,Denver,Sum,0-0,99.8,110.4,0.238,19-Nov,10-Jun,44.10%,43.60%,14%
,,,,232,316,,,,,,
285,UMass Lowell,AE,0-0,100.4,111.2,0.2367,14-17,9-Jul,68.90%,72.30%,14%
,,,,218,327,,,,,,
286,Massachusetts,A10,0-0,97.3,107.9,0.2337,23-Jul,15-Mar,47.40%,39.50%,20%
,,,,284,274,,,,,,
287,New Hampshire,AE,0-0,93.8,104.1,0.2315,13-16,9-Jul,74.60%,69.10%,11%
,,,,320,196,,,,,,
288,Winthrop,BSth,0-0,94.5,104.9,0.2314,15-16,9-Sep,44.80%,42.30%,20%
,,,,314,214,,,,,,
289,San Jose St.,MWC,0-0,98,108.8,0.2309,22-Aug,14-Apr,53.50%,52.80%,16%
,,,,276,289,,,,,,
290,William & Mary,CAA,0-0,99,110.1,0.2276,20-Nov,11-Jul,39.30%,39.70%,13%
,,,,256,311,,,,,,
291,Jacksonville St.,OVC,0-0,91.3,101.7,0.2243,13-17,11-Jul,28.20%,28.60%,19%
,,,,339,149,,,,,,
292,Fort Wayne,Sum,0-0,96.5,107.7,0.2208,19-Dec,10-Jun,50.70%,43.40%,16%
,,,,291,270,,,,,,
293,Austin Peay,OVC,0-0,97.9,109.6,0.2157,20-Nov,11-Jul,28.00%,30.50%,22%
,,,,277,302,,,,,,
294,Bryant,NEC,0-0,100.5,112.5,0.2145,19-Dec,10-Aug,55.70%,57.00%,15%
,,,,217,343,,,,,,
295,Louisiana Monroe,SB,0-0,94.8,106.1,0.214,18-Nov,14-Jun,45.70%,42.40%,17%
,,,,311,238,,,,,,
296,Niagara,MAAC,0-0,100.6,112.8,0.2123,21-Oct,13-Jul,37.40%,36.10%,17%
,,,,214,346,,,,,,
297,Cornell,Ivy,0-0,96.3,108,0.2121,20-Jul,12-Feb,45.70%,44.90%,14%
,,,,294,275,,,,,,
298,Alabama St.,SWAC,0-0,99.3,111.3,0.212,17-Dec,7-Nov,59.30%,59.30%,40%
,,,,252,328,,,,,,
299,Arkansas St.,SB,0-0,97.7,109.6,0.2105,19-Dec,14-Jun,46.90%,42.80%,12%
,,,,282,303,,,,,,
300,Jacksonville,ASun,0-0,95.6,107.3,0.21,19-Dec,10-Jun,54.10%,46.70%,13%
,,,,299,261,,,,,,
RK,TEAM,CONF,REC,ADJOE,ADJDE,BARTHAG,PROJ. RECORD,,RET MINS,RPMS,NC SOS
301,VMI,SC,0-0,96.8,108.8,0.2072,19-Dec,13-May,70.10%,63.00%,7%
,,,,289,287,,,,,,
302,Canisius,MAAC,0-0,97,109.1,0.2061,21-Sep,13-Jul,50.10%,43.80%,18%
,,,,286,294,,,,,,
303,Montana,BSky,0-0,94.6,106.4,0.2055,13-18,12-Aug,38.30%,39.90%,21%
,,,,313,244,,,,,,
304,McNeese St.,Slnd,0-0,99.4,112.2,0.1995,15-16,10-Oct,37.30%,34.40%,20%
,,,,248,337,,,,,,
305,Texas Southern,SWAC,0-0,97.8,110.4,0.1975,13-18,8-Oct,30.70%,27.10%,35%
,,,,281,317,,,,,,
306,Montana St.,BSky,0-0,98.2,111.1,0.1957,19-Dec,12-Aug,44.50%,44.70%,14%
,,,,268,325,,,,,,
307,Southeastern Louisiana,Slnd,0-0,93.4,105.7,0.1944,14-17,11-Sep,44.50%,33.20%,15%
,,,,324,230,,,,,,
308,Maine,AE,0-0,96.4,109.3,0.1893,19-Nov,9-Jul,53.50%,48.60%,21%
,,,,293,298,,,,,,
309,Cal Poly,BW,0-0,99.4,112.9,0.1885,20-Sep,11-May,56.60%,45.30%,24%
,,,,246,348,,,,,,
310,Florida Gulf Coast,ASun,0-0,92,104.4,0.1876,20-Nov,11-May,41.50%,34.70%,13%
,,,,335,203,,,,,,
311,Hampton,BSth,0-0,94.8,107.7,0.1868,13-18,10-Aug,44.80%,50.30%,13%
,,,,312,269,,,,,,
312,Incarnate Word,Slnd,0-0,99.7,113.3,0.1863,15-16,11-Sep,65.60%,54.60%,12%
,,,,237,350,,,,,,
313,Stephen F. Austin,Slnd,0-0,91.1,103.6,0.1846,15-16,11-Sep,49.00%,41.50%,17%
,,,,343,188,,,,,,
314,Utah Valley,WAC,0-0,92.8,105.7,0.1831,20-Nov,12-Apr,30.20%,26.90%,12%
,,,,329,229,,,,,,
315,Prairie View A&M;,SWAC,0-0,94,107.6,0.174,18-Dec,8-Oct,45.50%,45.30%,31%
,,,,317,267,,,,,,
316,Bethune Cookman,MEAC,0-0,93,107.1,0.1636,14-16,8-Aug,54.10%,45.90%,14%
,,,,327,258,,,,,,
317,Cleveland St.,Horz,0-0,93.7,108,0.1629,24-Jul,14-Apr,39.90%,34.70%,16%
,,,,322,276,,,,,,
318,SIU Edwardsville,OVC,0-0,95.6,110.3,0.1611,21-Oct,12-Jun,61.00%,59.40%,12%
,,,,300,314,,,,,,
319,South Dakota St.,Sum,0-0,92.7,107.3,0.1568,21-Oct,12-Apr,30.30%,20.10%,15%
,,,,330,262,,,,,,
320,Lamar,Slnd,0-0,92.7,107.3,0.1561,19-Dec,12-Aug,47.40%,31.90%,15%
,,,,331,263,,,,,,
321,North Carolina A&T;,MEAC,0-0,95.5,110.7,0.1534,19-Nov,8-Aug,46.70%,46.30%,21%
,,,,302,322,,,,,,
322,Long Beach St.,BW,0-0,92.8,107.8,0.1512,22-Aug,12-Apr,23.10%,19.40%,28%
,,,,328,272,,,,,,
323,Norfolk St.,MEAC,0-0,91.4,106.2,0.1502,13-17,8-Aug,24.90%,25.10%,14%
,,,,338,241,,,,,,
324,Alcorn St.,SWAC,0-0,95.6,111.2,0.1492,14-15,9-Sep,88.10%,83.30%,17%
,,,,301,326,,,,,,
325,Wagner,NEC,0-0,92.1,107.2,0.1491,20-Sep,12-Jun,28.20%,22.60%,20%
,,,,334,259,,,,,,
326,Holy Cross,Pat,0-0,93.1,108.6,0.145,23-Jul,14-Apr,34.80%,34.30%,15%
,,,,326,285,,,,,,
327,Elon,CAA,0-0,94.4,110.2,0.1438,21-Sep,13-May,52.40%,42.80%,18%
,,,,316,312,,,,,,
328,Howard,MEAC,0-0,96,112.2,0.1424,19-Dec,8-Aug,52.00%,45.40%,15%
,,,,297,338,,,,,,
329,Troy,SB,0-0,92.5,108.6,0.1371,23-Aug,16-Apr,34.60%,29.30%,14%
,,,,332,284,,,,,,
330,Marist,MAAC,0-0,93.3,109.8,0.1337,21-Aug,15-May,29.70%,21.30%,7%
,,,,325,306,,,,,,
331,Delaware St.,MEAC,0-0,95,112,0.131,18-Nov,8-Aug,59.10%,49.50%,13%
,,,,308,334,,,,,,
332,Stetson,ASun,0-0,95,112.3,0.1281,23-Aug,12-Apr,41.10%,38.80%,12%
,,,,307,339,,,,,,
333,Florida A&M;,MEAC,0-0,90.9,107.4,0.1275,19-Aug,9-Jul,61.10%,60.60%,29%
,,,,344,264,,,,,,
334,The Citadel,SC,0-0,96.7,114.5,0.1249,21-Aug,15-Mar,39.00%,32.10%,18%
,,,,290,352,,,,,,
335,North Carolina Central,MEAC,0-0,91.7,108.8,0.1231,18-Dec,9-Jul,37.80%,37.60%,18%
,,,,336,288,,,,,,
336,Abilene Christian,Slnd,0-0,87.9,104.5,0.1198,20-Nov,13-Jul,45.70%,35.80%,12%
,,,,349,204,,,,,,
337,USC Upstate,BSth,0-0,94.5,112.8,0.1154,22-Sep,13-May,54.50%,44.90%,15%
,,,,315,347,,,,,,
338,Idaho St.,BSky,0-0,93.9,112.7,0.1089,21-Aug,15-May,50.60%,41.10%,11%
,,,,318,345,,,,,,
339,Presbyterian,BSth,0-0,93.5,112.3,0.108,22-Sep,13-May,40.60%,37.70%,15%
,,,,323,340,,,,,,
340,Coppin St.,MEAC,0-0,93.9,113,0.1061,23-Aug,10-Jun,32.90%,38.10%,19%
,,,,319,349,,,,,,
341,Northwestern St.,Slnd,0-0,91.3,110.5,0.1001,19-Oct,14-Jun,54.30%,46.60%,17%
,,,,340,318,,,,,,
342,Idaho,BSky,0-0,92.3,112,0.0983,23-Aug,15-May,49.00%,41.50%,6%
,,,,333,333,,,,,,
343,Mississippi Valley St.,SWAC,0-0,91.6,112.1,0.0887,23-Jul,11-Jul,36.40%,26.20%,21%
,,,,337,336,,,,,,
344,Central Connecticut,NEC,0-0,90.8,111.6,0.0853,23-Jul,14-Apr,42.80%,38.00%,19%
,,,,345,331,,,,,,
345,Arkansas Pine Bluff,SWAC,0-0,89.2,110,0.0819,23-Jul,12-Jun,53.10%,48.90%,36%
,,,,347,310,,,,,,
346,Maryland Eastern Shore,MEAC,0-0,91.2,112.7,0.0804,24-Jul,10-Jun,60.20%,55.40%,25%
,,,,342,344,,,,,,
347,High Point,BSth,0-0,86.8,107.6,0.0777,23-Aug,14-Apr,44.10%,29.80%,17%
,,,,352,268,,,,,,
348,Chicago St.,WAC,0-0,91.2,114.2,0.0704,25-May,14-Feb,20.40%,15.50%,20%
,,,,341,351,,,,,,
349,Campbell,BSth,0-0,87.8,109.9,0.0702,23-Jul,14-Apr,51.60%,35.80%,7%
,,,,351,307,,,,,,
350,Binghamton,AE,0-0,89.6,112.4,0.0683,23-Jun,13-Mar,25.30%,36.10%,18%
,,,,346,342,,,,,,
351,Alabama A&M;,SWAC,0-0,88.5,111.5,0.0658,23-Jun,13-May,52.00%,45.30%,25%
,,,,348,330,,,,,,
352,Southern,SWAC,0-0,87.8,112.1,0.0568,24-Jul,13-May,28.10%,25.00%,20%
,,,,350,335,,,,,,
353,Hartford,AE,0-0,85.6,112.4,0.0419,25-Jun,14-Feb,7.60%,4.90%,8%
,,,,353,341,,,,,,
